{
	"credit": "Made with Blockbench",
        "texture_size": [16, 16],
	"textures": {
		"0": "item/lifestealer",
		"particle": "item/lifestealer"
	},
	"elements": [
		{
			"name": "lifestealer_0",
			"from": [13, 0, 0],
			"to": [14, 1, 1],
			"faces": {
				"north": {"uv": [14, 0, 13, 1], "texture": "#0"},
				"east": {"uv": [13, 0, 14, 1], "rotation": 90, "texture": "#0"},
				"south": {"uv": [13, 0, 14, 1], "texture": "#0"},
				"west": {"uv": [13, 0, 14, 1], "rotation": 270, "texture": "#0"},
				"up": {"uv": [13, 0, 14, 1], "texture": "#0"},
				"down": {"uv": [13, 1, 14, 0], "texture": "#0"}
			}
		},
		{
			"name": "lifestealer_1",
			"from": [14, 0, 0],
			"to": [15, 1, 1],
			"faces": {
				"north": {"uv": [15, 0, 14, 1], "texture": "#0"},
				"east": {"uv": [14, 0, 15, 1], "rotation": 90, "texture": "#0"},
				"south": {"uv": [14, 0, 15, 1], "texture": "#0"},
				"west": {"uv": [14, 0, 15, 1], "rotation": 270, "texture": "#0"},
				"up": {"uv": [14, 0, 15, 1], "texture": "#0"},
				"down": {"uv": [14, 1, 15, 0], "texture": "#0"}
			}
		},
		{
			"name": "lifestealer_2",
			"from": [15, 0, 0],
			"to": [16, 1, 1],
			"faces": {
				"north": {"uv": [16, 0, 15, 1], "texture": "#0"},
				"east": {"uv": [15, 0, 16, 1], "rotation": 90, "texture": "#0"},
				"south": {"uv": [15, 0, 16, 1], "texture": "#0"},
				"west": {"uv": [15, 0, 16, 1], "rotation": 270, "texture": "#0"},
				"up": {"uv": [15, 0, 16, 1], "texture": "#0"},
				"down": {"uv": [15, 1, 16, 0], "texture": "#0"}
			}
		},
		{
			"name": "lifestealer_3",
			"from": [10, 0, 1],
			"to": [11, 1, 2],
			"faces": {
				"north": {"uv": [11, 1, 10, 2], "texture": "#0"},
				"east": {"uv": [10, 1, 11, 2], "rotation": 90, "texture": "#0"},
				"south": {"uv": [10, 1, 11, 2], "texture": "#0"},
				"west": {"uv": [10, 1, 11, 2], "rotation": 270, "texture": "#0"},
				"up": {"uv": [10, 1, 11, 2], "texture": "#0"},
				"down": {"uv": [10, 2, 11, 1], "texture": "#0"}
			}
		},
		{
			"name": "lifestealer_4",
			"from": [11, 0, 1],
			"to": [12, 1, 2],
			"faces": {
				"north": {"uv": [12, 1, 11, 2], "texture": "#0"},
				"east": {"uv": [11, 1, 12, 2], "rotation": 90, "texture": "#0"},
				"south": {"uv": [11, 1, 12, 2], "texture": "#0"},
				"west": {"uv": [11, 1, 12, 2], "rotation": 270, "texture": "#0"},
				"up": {"uv": [11, 1, 12, 2], "texture": "#0"},
				"down": {"uv": [11, 2, 12, 1], "texture": "#0"}
			}
		},
		{
			"name": "lifestealer_5",
			"from": [12, 0, 1],
			"to": [13, 1, 2],
			"faces": {
				"north": {"uv": [13, 1, 12, 2], "texture": "#0"},
				"east": {"uv": [12, 1, 13, 2], "rotation": 90, "texture": "#0"},
				"south": {"uv": [12, 1, 13, 2], "texture": "#0"},
				"west": {"uv": [12, 1, 13, 2], "rotation": 270, "texture": "#0"},
				"up": {"uv": [12, 1, 13, 2], "texture": "#0"},
				"down": {"uv": [12, 2, 13, 1], "texture": "#0"}
			}
		},
		{
			"name": "lifestealer_6",
			"from": [13, 0, 1],
			"to": [14, 1, 2],
			"faces": {
				"north": {"uv": [14, 1, 13, 2], "texture": "#0"},
				"east": {"uv": [13, 1, 14, 2], "rotation": 90, "texture": "#0"},
				"south": {"uv": [13, 1, 14, 2], "texture": "#0"},
				"west": {"uv": [13, 1, 14, 2], "rotation": 270, "texture": "#0"},
				"up": {"uv": [13, 1, 14, 2], "texture": "#0"},
				"down": {"uv": [13, 2, 14, 1], "texture": "#0"}
			}
		},
		{
			"name": "lifestealer_7",
			"from": [14, 0, 1],
			"to": [15, 1, 2],
			"faces": {
				"north": {"uv": [15, 1, 14, 2], "texture": "#0"},
				"east": {"uv": [14, 1, 15, 2], "rotation": 90, "texture": "#0"},
				"south": {"uv": [14, 1, 15, 2], "texture": "#0"},
				"west": {"uv": [14, 1, 15, 2], "rotation": 270, "texture": "#0"},
				"up": {"uv": [14, 1, 15, 2], "texture": "#0"},
				"down": {"uv": [14, 2, 15, 1], "texture": "#0"}
			}
		},
		{
			"name": "lifestealer_8",
			"from": [15, 0, 1],
			"to": [16, 1, 2],
			"faces": {
				"north": {"uv": [16, 1, 15, 2], "texture": "#0"},
				"east": {"uv": [15, 1, 16, 2], "rotation": 90, "texture": "#0"},
				"south": {"uv": [15, 1, 16, 2], "texture": "#0"},
				"west": {"uv": [15, 1, 16, 2], "rotation": 270, "texture": "#0"},
				"up": {"uv": [15, 1, 16, 2], "texture": "#0"},
				"down": {"uv": [15, 2, 16, 1], "texture": "#0"}
			}
		},
		{
			"name": "lifestealer_9",
			"from": [11, 0, 2],
			"to": [12, 1, 3],
			"faces": {
				"north": {"uv": [12, 2, 11, 3], "texture": "#0"},
				"east": {"uv": [11, 2, 12, 3], "rotation": 90, "texture": "#0"},
				"south": {"uv": [11, 2, 12, 3], "texture": "#0"},
				"west": {"uv": [11, 2, 12, 3], "rotation": 270, "texture": "#0"},
				"up": {"uv": [11, 2, 12, 3], "texture": "#0"},
				"down": {"uv": [11, 3, 12, 2], "texture": "#0"}
			}
		},
		{
			"name": "lifestealer_10",
			"from": [12, 0, 2],
			"to": [13, 1, 3],
			"faces": {
				"north": {"uv": [13, 2, 12, 3], "texture": "#0"},
				"east": {"uv": [12, 2, 13, 3], "rotation": 90, "texture": "#0"},
				"south": {"uv": [12, 2, 13, 3], "texture": "#0"},
				"west": {"uv": [12, 2, 13, 3], "rotation": 270, "texture": "#0"},
				"up": {"uv": [12, 2, 13, 3], "texture": "#0"},
				"down": {"uv": [12, 3, 13, 2], "texture": "#0"}
			}
		},
		{
			"name": "lifestealer_11",
			"from": [13, 0, 2],
			"to": [14, 1, 3],
			"faces": {
				"north": {"uv": [14, 2, 13, 3], "texture": "#0"},
				"east": {"uv": [13, 2, 14, 3], "rotation": 90, "texture": "#0"},
				"south": {"uv": [13, 2, 14, 3], "texture": "#0"},
				"west": {"uv": [13, 2, 14, 3], "rotation": 270, "texture": "#0"},
				"up": {"uv": [13, 2, 14, 3], "texture": "#0"},
				"down": {"uv": [13, 3, 14, 2], "texture": "#0"}
			}
		},
		{
			"name": "lifestealer_12",
			"from": [14, 0, 2],
			"to": [15, 1, 3],
			"faces": {
				"north": {"uv": [15, 2, 14, 3], "texture": "#0"},
				"east": {"uv": [14, 2, 15, 3], "rotation": 90, "texture": "#0"},
				"south": {"uv": [14, 2, 15, 3], "texture": "#0"},
				"west": {"uv": [14, 2, 15, 3], "rotation": 270, "texture": "#0"},
				"up": {"uv": [14, 2, 15, 3], "texture": "#0"},
				"down": {"uv": [14, 3, 15, 2], "texture": "#0"}
			}
		},
		{
			"name": "lifestealer_13",
			"from": [15, 0, 2],
			"to": [16, 1, 3],
			"faces": {
				"north": {"uv": [16, 2, 15, 3], "texture": "#0"},
				"east": {"uv": [15, 2, 16, 3], "rotation": 90, "texture": "#0"},
				"south": {"uv": [15, 2, 16, 3], "texture": "#0"},
				"west": {"uv": [15, 2, 16, 3], "rotation": 270, "texture": "#0"},
				"up": {"uv": [15, 2, 16, 3], "texture": "#0"},
				"down": {"uv": [15, 3, 16, 2], "texture": "#0"}
			}
		},
		{
			"name": "lifestealer_14",
			"from": [8, 0, 3],
			"to": [9, 1, 4],
			"faces": {
				"north": {"uv": [9, 3, 8, 4], "texture": "#0"},
				"east": {"uv": [8, 3, 9, 4], "rotation": 90, "texture": "#0"},
				"south": {"uv": [8, 3, 9, 4], "texture": "#0"},
				"west": {"uv": [8, 3, 9, 4], "rotation": 270, "texture": "#0"},
				"up": {"uv": [8, 3, 9, 4], "texture": "#0"},
				"down": {"uv": [8, 4, 9, 3], "texture": "#0"}
			}
		},
		{
			"name": "lifestealer_15",
			"from": [9, 0, 3],
			"to": [10, 1, 4],
			"faces": {
				"north": {"uv": [10, 3, 9, 4], "texture": "#0"},
				"east": {"uv": [9, 3, 10, 4], "rotation": 90, "texture": "#0"},
				"south": {"uv": [9, 3, 10, 4], "texture": "#0"},
				"west": {"uv": [9, 3, 10, 4], "rotation": 270, "texture": "#0"},
				"up": {"uv": [9, 3, 10, 4], "texture": "#0"},
				"down": {"uv": [9, 4, 10, 3], "texture": "#0"}
			}
		},
		{
			"name": "lifestealer_16",
			"from": [10, 0, 3],
			"to": [11, 1, 4],
			"faces": {
				"north": {"uv": [11, 3, 10, 4], "texture": "#0"},
				"east": {"uv": [10, 3, 11, 4], "rotation": 90, "texture": "#0"},
				"south": {"uv": [10, 3, 11, 4], "texture": "#0"},
				"west": {"uv": [10, 3, 11, 4], "rotation": 270, "texture": "#0"},
				"up": {"uv": [10, 3, 11, 4], "texture": "#0"},
				"down": {"uv": [10, 4, 11, 3], "texture": "#0"}
			}
		},
		{
			"name": "lifestealer_17",
			"from": [11, 0, 3],
			"to": [12, 1, 4],
			"faces": {
				"north": {"uv": [12, 3, 11, 4], "texture": "#0"},
				"east": {"uv": [11, 3, 12, 4], "rotation": 90, "texture": "#0"},
				"south": {"uv": [11, 3, 12, 4], "texture": "#0"},
				"west": {"uv": [11, 3, 12, 4], "rotation": 270, "texture": "#0"},
				"up": {"uv": [11, 3, 12, 4], "texture": "#0"},
				"down": {"uv": [11, 4, 12, 3], "texture": "#0"}
			}
		},
		{
			"name": "lifestealer_18",
			"from": [12, 0, 3],
			"to": [13, 1, 4],
			"faces": {
				"north": {"uv": [13, 3, 12, 4], "texture": "#0"},
				"east": {"uv": [12, 3, 13, 4], "rotation": 90, "texture": "#0"},
				"south": {"uv": [12, 3, 13, 4], "texture": "#0"},
				"west": {"uv": [12, 3, 13, 4], "rotation": 270, "texture": "#0"},
				"up": {"uv": [12, 3, 13, 4], "texture": "#0"},
				"down": {"uv": [12, 4, 13, 3], "texture": "#0"}
			}
		},
		{
			"name": "lifestealer_19",
			"from": [13, 0, 3],
			"to": [14, 1, 4],
			"faces": {
				"north": {"uv": [14, 3, 13, 4], "texture": "#0"},
				"east": {"uv": [13, 3, 14, 4], "rotation": 90, "texture": "#0"},
				"south": {"uv": [13, 3, 14, 4], "texture": "#0"},
				"west": {"uv": [13, 3, 14, 4], "rotation": 270, "texture": "#0"},
				"up": {"uv": [13, 3, 14, 4], "texture": "#0"},
				"down": {"uv": [13, 4, 14, 3], "texture": "#0"}
			}
		},
		{
			"name": "lifestealer_20",
			"from": [14, 0, 3],
			"to": [15, 1, 4],
			"faces": {
				"north": {"uv": [15, 3, 14, 4], "texture": "#0"},
				"east": {"uv": [14, 3, 15, 4], "rotation": 90, "texture": "#0"},
				"south": {"uv": [14, 3, 15, 4], "texture": "#0"},
				"west": {"uv": [14, 3, 15, 4], "rotation": 270, "texture": "#0"},
				"up": {"uv": [14, 3, 15, 4], "texture": "#0"},
				"down": {"uv": [14, 4, 15, 3], "texture": "#0"}
			}
		},
		{
			"name": "lifestealer_21",
			"from": [15, 0, 3],
			"to": [16, 1, 4],
			"faces": {
				"north": {"uv": [16, 3, 15, 4], "texture": "#0"},
				"east": {"uv": [15, 3, 16, 4], "rotation": 90, "texture": "#0"},
				"south": {"uv": [15, 3, 16, 4], "texture": "#0"},
				"west": {"uv": [15, 3, 16, 4], "rotation": 270, "texture": "#0"},
				"up": {"uv": [15, 3, 16, 4], "texture": "#0"},
				"down": {"uv": [15, 4, 16, 3], "texture": "#0"}
			}
		},
		{
			"name": "lifestealer_22",
			"from": [9, 0, 4],
			"to": [10, 1, 5],
			"faces": {
				"north": {"uv": [10, 4, 9, 5], "texture": "#0"},
				"east": {"uv": [9, 4, 10, 5], "rotation": 90, "texture": "#0"},
				"south": {"uv": [9, 4, 10, 5], "texture": "#0"},
				"west": {"uv": [9, 4, 10, 5], "rotation": 270, "texture": "#0"},
				"up": {"uv": [9, 4, 10, 5], "texture": "#0"},
				"down": {"uv": [9, 5, 10, 4], "texture": "#0"}
			}
		},
		{
			"name": "lifestealer_23",
			"from": [10, 0, 4],
			"to": [11, 1, 5],
			"faces": {
				"north": {"uv": [11, 4, 10, 5], "texture": "#0"},
				"east": {"uv": [10, 4, 11, 5], "rotation": 90, "texture": "#0"},
				"south": {"uv": [10, 4, 11, 5], "texture": "#0"},
				"west": {"uv": [10, 4, 11, 5], "rotation": 270, "texture": "#0"},
				"up": {"uv": [10, 4, 11, 5], "texture": "#0"},
				"down": {"uv": [10, 5, 11, 4], "texture": "#0"}
			}
		},
		{
			"name": "lifestealer_24",
			"from": [11, 0, 4],
			"to": [12, 1, 5],
			"faces": {
				"north": {"uv": [12, 4, 11, 5], "texture": "#0"},
				"east": {"uv": [11, 4, 12, 5], "rotation": 90, "texture": "#0"},
				"south": {"uv": [11, 4, 12, 5], "texture": "#0"},
				"west": {"uv": [11, 4, 12, 5], "rotation": 270, "texture": "#0"},
				"up": {"uv": [11, 4, 12, 5], "texture": "#0"},
				"down": {"uv": [11, 5, 12, 4], "texture": "#0"}
			}
		},
		{
			"name": "lifestealer_25",
			"from": [12, 0, 4],
			"to": [13, 1, 5],
			"faces": {
				"north": {"uv": [13, 4, 12, 5], "texture": "#0"},
				"east": {"uv": [12, 4, 13, 5], "rotation": 90, "texture": "#0"},
				"south": {"uv": [12, 4, 13, 5], "texture": "#0"},
				"west": {"uv": [12, 4, 13, 5], "rotation": 270, "texture": "#0"},
				"up": {"uv": [12, 4, 13, 5], "texture": "#0"},
				"down": {"uv": [12, 5, 13, 4], "texture": "#0"}
			}
		},
		{
			"name": "lifestealer_26",
			"from": [13, 0, 4],
			"to": [14, 1, 5],
			"faces": {
				"north": {"uv": [14, 4, 13, 5], "texture": "#0"},
				"east": {"uv": [13, 4, 14, 5], "rotation": 90, "texture": "#0"},
				"south": {"uv": [13, 4, 14, 5], "texture": "#0"},
				"west": {"uv": [13, 4, 14, 5], "rotation": 270, "texture": "#0"},
				"up": {"uv": [13, 4, 14, 5], "texture": "#0"},
				"down": {"uv": [13, 5, 14, 4], "texture": "#0"}
			}
		},
		{
			"name": "lifestealer_27",
			"from": [15, 0, 4],
			"to": [16, 1, 5],
			"faces": {
				"north": {"uv": [16, 4, 15, 5], "texture": "#0"},
				"east": {"uv": [15, 4, 16, 5], "rotation": 90, "texture": "#0"},
				"south": {"uv": [15, 4, 16, 5], "texture": "#0"},
				"west": {"uv": [15, 4, 16, 5], "rotation": 270, "texture": "#0"},
				"up": {"uv": [15, 4, 16, 5], "texture": "#0"},
				"down": {"uv": [15, 5, 16, 4], "texture": "#0"}
			}
		},
		{
			"name": "lifestealer_28",
			"from": [6, 0, 5],
			"to": [7, 1, 6],
			"faces": {
				"north": {"uv": [7, 5, 6, 6], "texture": "#0"},
				"east": {"uv": [6, 5, 7, 6], "rotation": 90, "texture": "#0"},
				"south": {"uv": [6, 5, 7, 6], "texture": "#0"},
				"west": {"uv": [6, 5, 7, 6], "rotation": 270, "texture": "#0"},
				"up": {"uv": [6, 5, 7, 6], "texture": "#0"},
				"down": {"uv": [6, 6, 7, 5], "texture": "#0"}
			}
		},
		{
			"name": "lifestealer_29",
			"from": [7, 0, 5],
			"to": [8, 1, 6],
			"faces": {
				"north": {"uv": [8, 5, 7, 6], "texture": "#0"},
				"east": {"uv": [7, 5, 8, 6], "rotation": 90, "texture": "#0"},
				"south": {"uv": [7, 5, 8, 6], "texture": "#0"},
				"west": {"uv": [7, 5, 8, 6], "rotation": 270, "texture": "#0"},
				"up": {"uv": [7, 5, 8, 6], "texture": "#0"},
				"down": {"uv": [7, 6, 8, 5], "texture": "#0"}
			}
		},
		{
			"name": "lifestealer_30",
			"from": [8, 0, 5],
			"to": [9, 1, 6],
			"faces": {
				"north": {"uv": [9, 5, 8, 6], "texture": "#0"},
				"east": {"uv": [8, 5, 9, 6], "rotation": 90, "texture": "#0"},
				"south": {"uv": [8, 5, 9, 6], "texture": "#0"},
				"west": {"uv": [8, 5, 9, 6], "rotation": 270, "texture": "#0"},
				"up": {"uv": [8, 5, 9, 6], "texture": "#0"},
				"down": {"uv": [8, 6, 9, 5], "texture": "#0"}
			}
		},
		{
			"name": "lifestealer_31",
			"from": [9, 0, 5],
			"to": [10, 1, 6],
			"faces": {
				"north": {"uv": [10, 5, 9, 6], "texture": "#0"},
				"east": {"uv": [9, 5, 10, 6], "rotation": 90, "texture": "#0"},
				"south": {"uv": [9, 5, 10, 6], "texture": "#0"},
				"west": {"uv": [9, 5, 10, 6], "rotation": 270, "texture": "#0"},
				"up": {"uv": [9, 5, 10, 6], "texture": "#0"},
				"down": {"uv": [9, 6, 10, 5], "texture": "#0"}
			}
		},
		{
			"name": "lifestealer_32",
			"from": [10, 0, 5],
			"to": [11, 1, 6],
			"faces": {
				"north": {"uv": [11, 5, 10, 6], "texture": "#0"},
				"east": {"uv": [10, 5, 11, 6], "rotation": 90, "texture": "#0"},
				"south": {"uv": [10, 5, 11, 6], "texture": "#0"},
				"west": {"uv": [10, 5, 11, 6], "rotation": 270, "texture": "#0"},
				"up": {"uv": [10, 5, 11, 6], "texture": "#0"},
				"down": {"uv": [10, 6, 11, 5], "texture": "#0"}
			}
		},
		{
			"name": "lifestealer_33",
			"from": [11, 0, 5],
			"to": [12, 1, 6],
			"faces": {
				"north": {"uv": [12, 5, 11, 6], "texture": "#0"},
				"east": {"uv": [11, 5, 12, 6], "rotation": 90, "texture": "#0"},
				"south": {"uv": [11, 5, 12, 6], "texture": "#0"},
				"west": {"uv": [11, 5, 12, 6], "rotation": 270, "texture": "#0"},
				"up": {"uv": [11, 5, 12, 6], "texture": "#0"},
				"down": {"uv": [11, 6, 12, 5], "texture": "#0"}
			}
		},
		{
			"name": "lifestealer_34",
			"from": [12, 0, 5],
			"to": [13, 1, 6],
			"faces": {
				"north": {"uv": [13, 5, 12, 6], "texture": "#0"},
				"east": {"uv": [12, 5, 13, 6], "rotation": 90, "texture": "#0"},
				"south": {"uv": [12, 5, 13, 6], "texture": "#0"},
				"west": {"uv": [12, 5, 13, 6], "rotation": 270, "texture": "#0"},
				"up": {"uv": [12, 5, 13, 6], "texture": "#0"},
				"down": {"uv": [12, 6, 13, 5], "texture": "#0"}
			}
		},
		{
			"name": "lifestealer_35",
			"from": [13, 0, 5],
			"to": [14, 1, 6],
			"faces": {
				"north": {"uv": [14, 5, 13, 6], "texture": "#0"},
				"east": {"uv": [13, 5, 14, 6], "rotation": 90, "texture": "#0"},
				"south": {"uv": [13, 5, 14, 6], "texture": "#0"},
				"west": {"uv": [13, 5, 14, 6], "rotation": 270, "texture": "#0"},
				"up": {"uv": [13, 5, 14, 6], "texture": "#0"},
				"down": {"uv": [13, 6, 14, 5], "texture": "#0"}
			}
		},
		{
			"name": "lifestealer_36",
			"from": [3, 0, 6],
			"to": [4, 1, 7],
			"faces": {
				"north": {"uv": [4, 6, 3, 7], "texture": "#0"},
				"east": {"uv": [3, 6, 4, 7], "rotation": 90, "texture": "#0"},
				"south": {"uv": [3, 6, 4, 7], "texture": "#0"},
				"west": {"uv": [3, 6, 4, 7], "rotation": 270, "texture": "#0"},
				"up": {"uv": [3, 6, 4, 7], "texture": "#0"},
				"down": {"uv": [3, 7, 4, 6], "texture": "#0"}
			}
		},
		{
			"name": "lifestealer_37",
			"from": [7, 0, 6],
			"to": [8, 1, 7],
			"faces": {
				"north": {"uv": [8, 6, 7, 7], "texture": "#0"},
				"east": {"uv": [7, 6, 8, 7], "rotation": 90, "texture": "#0"},
				"south": {"uv": [7, 6, 8, 7], "texture": "#0"},
				"west": {"uv": [7, 6, 8, 7], "rotation": 270, "texture": "#0"},
				"up": {"uv": [7, 6, 8, 7], "texture": "#0"},
				"down": {"uv": [7, 7, 8, 6], "texture": "#0"}
			}
		},
		{
			"name": "lifestealer_38",
			"from": [8, 0, 6],
			"to": [9, 1, 7],
			"faces": {
				"north": {"uv": [9, 6, 8, 7], "texture": "#0"},
				"east": {"uv": [8, 6, 9, 7], "rotation": 90, "texture": "#0"},
				"south": {"uv": [8, 6, 9, 7], "texture": "#0"},
				"west": {"uv": [8, 6, 9, 7], "rotation": 270, "texture": "#0"},
				"up": {"uv": [8, 6, 9, 7], "texture": "#0"},
				"down": {"uv": [8, 7, 9, 6], "texture": "#0"}
			}
		},
		{
			"name": "lifestealer_39",
			"from": [9, 0, 6],
			"to": [10, 1, 7],
			"faces": {
				"north": {"uv": [10, 6, 9, 7], "texture": "#0"},
				"east": {"uv": [9, 6, 10, 7], "rotation": 90, "texture": "#0"},
				"south": {"uv": [9, 6, 10, 7], "texture": "#0"},
				"west": {"uv": [9, 6, 10, 7], "rotation": 270, "texture": "#0"},
				"up": {"uv": [9, 6, 10, 7], "texture": "#0"},
				"down": {"uv": [9, 7, 10, 6], "texture": "#0"}
			}
		},
		{
			"name": "lifestealer_40",
			"from": [10, 0, 6],
			"to": [11, 1, 7],
			"faces": {
				"north": {"uv": [11, 6, 10, 7], "texture": "#0"},
				"east": {"uv": [10, 6, 11, 7], "rotation": 90, "texture": "#0"},
				"south": {"uv": [10, 6, 11, 7], "texture": "#0"},
				"west": {"uv": [10, 6, 11, 7], "rotation": 270, "texture": "#0"},
				"up": {"uv": [10, 6, 11, 7], "texture": "#0"},
				"down": {"uv": [10, 7, 11, 6], "texture": "#0"}
			}
		},
		{
			"name": "lifestealer_41",
			"from": [11, 0, 6],
			"to": [12, 1, 7],
			"faces": {
				"north": {"uv": [12, 6, 11, 7], "texture": "#0"},
				"east": {"uv": [11, 6, 12, 7], "rotation": 90, "texture": "#0"},
				"south": {"uv": [11, 6, 12, 7], "texture": "#0"},
				"west": {"uv": [11, 6, 12, 7], "rotation": 270, "texture": "#0"},
				"up": {"uv": [11, 6, 12, 7], "texture": "#0"},
				"down": {"uv": [11, 7, 12, 6], "texture": "#0"}
			}
		},
		{
			"name": "lifestealer_42",
			"from": [13, 0, 6],
			"to": [14, 1, 7],
			"faces": {
				"north": {"uv": [14, 6, 13, 7], "texture": "#0"},
				"east": {"uv": [13, 6, 14, 7], "rotation": 90, "texture": "#0"},
				"south": {"uv": [13, 6, 14, 7], "texture": "#0"},
				"west": {"uv": [13, 6, 14, 7], "rotation": 270, "texture": "#0"},
				"up": {"uv": [13, 6, 14, 7], "texture": "#0"},
				"down": {"uv": [13, 7, 14, 6], "texture": "#0"}
			}
		},
		{
			"name": "lifestealer_43",
			"from": [2, 0, 7],
			"to": [3, 1, 8],
			"faces": {
				"north": {"uv": [3, 7, 2, 8], "texture": "#0"},
				"east": {"uv": [2, 7, 3, 8], "rotation": 90, "texture": "#0"},
				"south": {"uv": [2, 7, 3, 8], "texture": "#0"},
				"west": {"uv": [2, 7, 3, 8], "rotation": 270, "texture": "#0"},
				"up": {"uv": [2, 7, 3, 8], "texture": "#0"},
				"down": {"uv": [2, 8, 3, 7], "texture": "#0"}
			}
		},
		{
			"name": "lifestealer_44",
			"from": [3, 0, 7],
			"to": [4, 1, 8],
			"faces": {
				"north": {"uv": [4, 7, 3, 8], "texture": "#0"},
				"east": {"uv": [3, 7, 4, 8], "rotation": 90, "texture": "#0"},
				"south": {"uv": [3, 7, 4, 8], "texture": "#0"},
				"west": {"uv": [3, 7, 4, 8], "rotation": 270, "texture": "#0"},
				"up": {"uv": [3, 7, 4, 8], "texture": "#0"},
				"down": {"uv": [3, 8, 4, 7], "texture": "#0"}
			}
		},
		{
			"name": "lifestealer_45",
			"from": [5, 0, 7],
			"to": [6, 1, 8],
			"faces": {
				"north": {"uv": [6, 7, 5, 8], "texture": "#0"},
				"east": {"uv": [5, 7, 6, 8], "rotation": 90, "texture": "#0"},
				"south": {"uv": [5, 7, 6, 8], "texture": "#0"},
				"west": {"uv": [5, 7, 6, 8], "rotation": 270, "texture": "#0"},
				"up": {"uv": [5, 7, 6, 8], "texture": "#0"},
				"down": {"uv": [5, 8, 6, 7], "texture": "#0"}
			}
		},
		{
			"name": "lifestealer_46",
			"from": [6, 0, 7],
			"to": [7, 1, 8],
			"faces": {
				"north": {"uv": [7, 7, 6, 8], "texture": "#0"},
				"east": {"uv": [6, 7, 7, 8], "rotation": 90, "texture": "#0"},
				"south": {"uv": [6, 7, 7, 8], "texture": "#0"},
				"west": {"uv": [6, 7, 7, 8], "rotation": 270, "texture": "#0"},
				"up": {"uv": [6, 7, 7, 8], "texture": "#0"},
				"down": {"uv": [6, 8, 7, 7], "texture": "#0"}
			}
		},
		{
			"name": "lifestealer_47",
			"from": [7, 0, 7],
			"to": [8, 1, 8],
			"faces": {
				"north": {"uv": [8, 7, 7, 8], "texture": "#0"},
				"east": {"uv": [7, 7, 8, 8], "rotation": 90, "texture": "#0"},
				"south": {"uv": [7, 7, 8, 8], "texture": "#0"},
				"west": {"uv": [7, 7, 8, 8], "rotation": 270, "texture": "#0"},
				"up": {"uv": [7, 7, 8, 8], "texture": "#0"},
				"down": {"uv": [7, 8, 8, 7], "texture": "#0"}
			}
		},
		{
			"name": "lifestealer_48",
			"from": [8, 0, 7],
			"to": [9, 1, 8],
			"faces": {
				"north": {"uv": [9, 7, 8, 8], "texture": "#0"},
				"east": {"uv": [8, 7, 9, 8], "rotation": 90, "texture": "#0"},
				"south": {"uv": [8, 7, 9, 8], "texture": "#0"},
				"west": {"uv": [8, 7, 9, 8], "rotation": 270, "texture": "#0"},
				"up": {"uv": [8, 7, 9, 8], "texture": "#0"},
				"down": {"uv": [8, 8, 9, 7], "texture": "#0"}
			}
		},
		{
			"name": "lifestealer_49",
			"from": [9, 0, 7],
			"to": [10, 1, 8],
			"faces": {
				"north": {"uv": [10, 7, 9, 8], "texture": "#0"},
				"east": {"uv": [9, 7, 10, 8], "rotation": 90, "texture": "#0"},
				"south": {"uv": [9, 7, 10, 8], "texture": "#0"},
				"west": {"uv": [9, 7, 10, 8], "rotation": 270, "texture": "#0"},
				"up": {"uv": [9, 7, 10, 8], "texture": "#0"},
				"down": {"uv": [9, 8, 10, 7], "texture": "#0"}
			}
		},
		{
			"name": "lifestealer_50",
			"from": [10, 0, 7],
			"to": [11, 1, 8],
			"faces": {
				"north": {"uv": [11, 7, 10, 8], "texture": "#0"},
				"east": {"uv": [10, 7, 11, 8], "rotation": 90, "texture": "#0"},
				"south": {"uv": [10, 7, 11, 8], "texture": "#0"},
				"west": {"uv": [10, 7, 11, 8], "rotation": 270, "texture": "#0"},
				"up": {"uv": [10, 7, 11, 8], "texture": "#0"},
				"down": {"uv": [10, 8, 11, 7], "texture": "#0"}
			}
		},
		{
			"name": "lifestealer_51",
			"from": [11, 0, 7],
			"to": [12, 1, 8],
			"faces": {
				"north": {"uv": [12, 7, 11, 8], "texture": "#0"},
				"east": {"uv": [11, 7, 12, 8], "rotation": 90, "texture": "#0"},
				"south": {"uv": [11, 7, 12, 8], "texture": "#0"},
				"west": {"uv": [11, 7, 12, 8], "rotation": 270, "texture": "#0"},
				"up": {"uv": [11, 7, 12, 8], "texture": "#0"},
				"down": {"uv": [11, 8, 12, 7], "texture": "#0"}
			}
		},
		{
			"name": "lifestealer_52",
			"from": [2, 0, 8],
			"to": [3, 1, 9],
			"faces": {
				"north": {"uv": [3, 8, 2, 9], "texture": "#0"},
				"east": {"uv": [2, 8, 3, 9], "rotation": 90, "texture": "#0"},
				"south": {"uv": [2, 8, 3, 9], "texture": "#0"},
				"west": {"uv": [2, 8, 3, 9], "rotation": 270, "texture": "#0"},
				"up": {"uv": [2, 8, 3, 9], "texture": "#0"},
				"down": {"uv": [2, 9, 3, 8], "texture": "#0"}
			}
		},
		{
			"name": "lifestealer_53",
			"from": [3, 0, 8],
			"to": [4, 1, 9],
			"faces": {
				"north": {"uv": [4, 8, 3, 9], "texture": "#0"},
				"east": {"uv": [3, 8, 4, 9], "rotation": 90, "texture": "#0"},
				"south": {"uv": [3, 8, 4, 9], "texture": "#0"},
				"west": {"uv": [3, 8, 4, 9], "rotation": 270, "texture": "#0"},
				"up": {"uv": [3, 8, 4, 9], "texture": "#0"},
				"down": {"uv": [3, 9, 4, 8], "texture": "#0"}
			}
		},
		{
			"name": "lifestealer_54",
			"from": [4, 0, 8],
			"to": [5, 1, 9],
			"faces": {
				"north": {"uv": [5, 8, 4, 9], "texture": "#0"},
				"east": {"uv": [4, 8, 5, 9], "rotation": 90, "texture": "#0"},
				"south": {"uv": [4, 8, 5, 9], "texture": "#0"},
				"west": {"uv": [4, 8, 5, 9], "rotation": 270, "texture": "#0"},
				"up": {"uv": [4, 8, 5, 9], "texture": "#0"},
				"down": {"uv": [4, 9, 5, 8], "texture": "#0"}
			}
		},
		{
			"name": "lifestealer_55",
			"from": [5, 0, 8],
			"to": [6, 1, 9],
			"faces": {
				"north": {"uv": [6, 8, 5, 9], "texture": "#0"},
				"east": {"uv": [5, 8, 6, 9], "rotation": 90, "texture": "#0"},
				"south": {"uv": [5, 8, 6, 9], "texture": "#0"},
				"west": {"uv": [5, 8, 6, 9], "rotation": 270, "texture": "#0"},
				"up": {"uv": [5, 8, 6, 9], "texture": "#0"},
				"down": {"uv": [5, 9, 6, 8], "texture": "#0"}
			}
		},
		{
			"name": "lifestealer_56",
			"from": [6, 0, 8],
			"to": [7, 1, 9],
			"faces": {
				"north": {"uv": [7, 8, 6, 9], "texture": "#0"},
				"east": {"uv": [6, 8, 7, 9], "rotation": 90, "texture": "#0"},
				"south": {"uv": [6, 8, 7, 9], "texture": "#0"},
				"west": {"uv": [6, 8, 7, 9], "rotation": 270, "texture": "#0"},
				"up": {"uv": [6, 8, 7, 9], "texture": "#0"},
				"down": {"uv": [6, 9, 7, 8], "texture": "#0"}
			}
		},
		{
			"name": "lifestealer_57",
			"from": [7, 0, 8],
			"to": [8, 1, 9],
			"faces": {
				"north": {"uv": [8, 8, 7, 9], "texture": "#0"},
				"east": {"uv": [7, 8, 8, 9], "rotation": 90, "texture": "#0"},
				"south": {"uv": [7, 8, 8, 9], "texture": "#0"},
				"west": {"uv": [7, 8, 8, 9], "rotation": 270, "texture": "#0"},
				"up": {"uv": [7, 8, 8, 9], "texture": "#0"},
				"down": {"uv": [7, 9, 8, 8], "texture": "#0"}
			}
		},
		{
			"name": "lifestealer_58",
			"from": [8, 0, 8],
			"to": [9, 1, 9],
			"faces": {
				"north": {"uv": [9, 8, 8, 9], "texture": "#0"},
				"east": {"uv": [8, 8, 9, 9], "rotation": 90, "texture": "#0"},
				"south": {"uv": [8, 8, 9, 9], "texture": "#0"},
				"west": {"uv": [8, 8, 9, 9], "rotation": 270, "texture": "#0"},
				"up": {"uv": [8, 8, 9, 9], "texture": "#0"},
				"down": {"uv": [8, 9, 9, 8], "texture": "#0"}
			}
		},
		{
			"name": "lifestealer_59",
			"from": [9, 0, 8],
			"to": [10, 1, 9],
			"faces": {
				"north": {"uv": [10, 8, 9, 9], "texture": "#0"},
				"east": {"uv": [9, 8, 10, 9], "rotation": 90, "texture": "#0"},
				"south": {"uv": [9, 8, 10, 9], "texture": "#0"},
				"west": {"uv": [9, 8, 10, 9], "rotation": 270, "texture": "#0"},
				"up": {"uv": [9, 8, 10, 9], "texture": "#0"},
				"down": {"uv": [9, 9, 10, 8], "texture": "#0"}
			}
		},
		{
			"name": "lifestealer_60",
			"from": [11, 0, 8],
			"to": [12, 1, 9],
			"faces": {
				"north": {"uv": [12, 8, 11, 9], "texture": "#0"},
				"east": {"uv": [11, 8, 12, 9], "rotation": 90, "texture": "#0"},
				"south": {"uv": [11, 8, 12, 9], "texture": "#0"},
				"west": {"uv": [11, 8, 12, 9], "rotation": 270, "texture": "#0"},
				"up": {"uv": [11, 8, 12, 9], "texture": "#0"},
				"down": {"uv": [11, 9, 12, 8], "texture": "#0"}
			}
		},
		{
			"name": "lifestealer_61",
			"from": [3, 0, 9],
			"to": [4, 1, 10],
			"faces": {
				"north": {"uv": [4, 9, 3, 10], "texture": "#0"},
				"east": {"uv": [3, 9, 4, 10], "rotation": 90, "texture": "#0"},
				"south": {"uv": [3, 9, 4, 10], "texture": "#0"},
				"west": {"uv": [3, 9, 4, 10], "rotation": 270, "texture": "#0"},
				"up": {"uv": [3, 9, 4, 10], "texture": "#0"},
				"down": {"uv": [3, 10, 4, 9], "texture": "#0"}
			}
		},
		{
			"name": "lifestealer_62",
			"from": [4, 0, 9],
			"to": [5, 1, 10],
			"faces": {
				"north": {"uv": [5, 9, 4, 10], "texture": "#0"},
				"east": {"uv": [4, 9, 5, 10], "rotation": 90, "texture": "#0"},
				"south": {"uv": [4, 9, 5, 10], "texture": "#0"},
				"west": {"uv": [4, 9, 5, 10], "rotation": 270, "texture": "#0"},
				"up": {"uv": [4, 9, 5, 10], "texture": "#0"},
				"down": {"uv": [4, 10, 5, 9], "texture": "#0"}
			}
		},
		{
			"name": "lifestealer_63",
			"from": [5, 0, 9],
			"to": [6, 1, 10],
			"faces": {
				"north": {"uv": [6, 9, 5, 10], "texture": "#0"},
				"east": {"uv": [5, 9, 6, 10], "rotation": 90, "texture": "#0"},
				"south": {"uv": [5, 9, 6, 10], "texture": "#0"},
				"west": {"uv": [5, 9, 6, 10], "rotation": 270, "texture": "#0"},
				"up": {"uv": [5, 9, 6, 10], "texture": "#0"},
				"down": {"uv": [5, 10, 6, 9], "texture": "#0"}
			}
		},
		{
			"name": "lifestealer_64",
			"from": [6, 0, 9],
			"to": [7, 1, 10],
			"faces": {
				"north": {"uv": [7, 9, 6, 10], "texture": "#0"},
				"east": {"uv": [6, 9, 7, 10], "rotation": 90, "texture": "#0"},
				"south": {"uv": [6, 9, 7, 10], "texture": "#0"},
				"west": {"uv": [6, 9, 7, 10], "rotation": 270, "texture": "#0"},
				"up": {"uv": [6, 9, 7, 10], "texture": "#0"},
				"down": {"uv": [6, 10, 7, 9], "texture": "#0"}
			}
		},
		{
			"name": "lifestealer_65",
			"from": [7, 0, 9],
			"to": [8, 1, 10],
			"faces": {
				"north": {"uv": [8, 9, 7, 10], "texture": "#0"},
				"east": {"uv": [7, 9, 8, 10], "rotation": 90, "texture": "#0"},
				"south": {"uv": [7, 9, 8, 10], "texture": "#0"},
				"west": {"uv": [7, 9, 8, 10], "rotation": 270, "texture": "#0"},
				"up": {"uv": [7, 9, 8, 10], "texture": "#0"},
				"down": {"uv": [7, 10, 8, 9], "texture": "#0"}
			}
		},
		{
			"name": "lifestealer_66",
			"from": [8, 0, 9],
			"to": [9, 1, 10],
			"faces": {
				"north": {"uv": [9, 9, 8, 10], "texture": "#0"},
				"east": {"uv": [8, 9, 9, 10], "rotation": 90, "texture": "#0"},
				"south": {"uv": [8, 9, 9, 10], "texture": "#0"},
				"west": {"uv": [8, 9, 9, 10], "rotation": 270, "texture": "#0"},
				"up": {"uv": [8, 9, 9, 10], "texture": "#0"},
				"down": {"uv": [8, 10, 9, 9], "texture": "#0"}
			}
		},
		{
			"name": "lifestealer_67",
			"from": [9, 0, 9],
			"to": [10, 1, 10],
			"faces": {
				"north": {"uv": [10, 9, 9, 10], "texture": "#0"},
				"east": {"uv": [9, 9, 10, 10], "rotation": 90, "texture": "#0"},
				"south": {"uv": [9, 9, 10, 10], "texture": "#0"},
				"west": {"uv": [9, 9, 10, 10], "rotation": 270, "texture": "#0"},
				"up": {"uv": [9, 9, 10, 10], "texture": "#0"},
				"down": {"uv": [9, 10, 10, 9], "texture": "#0"}
			}
		},
		{
			"name": "lifestealer_68",
			"from": [3, 0, 10],
			"to": [4, 1, 11],
			"faces": {
				"north": {"uv": [4, 10, 3, 11], "texture": "#0"},
				"east": {"uv": [3, 10, 4, 11], "rotation": 90, "texture": "#0"},
				"south": {"uv": [3, 10, 4, 11], "texture": "#0"},
				"west": {"uv": [3, 10, 4, 11], "rotation": 270, "texture": "#0"},
				"up": {"uv": [3, 10, 4, 11], "texture": "#0"},
				"down": {"uv": [3, 11, 4, 10], "texture": "#0"}
			}
		},
		{
			"name": "lifestealer_69",
			"from": [4, 0, 10],
			"to": [5, 1, 11],
			"faces": {
				"north": {"uv": [5, 10, 4, 11], "texture": "#0"},
				"east": {"uv": [4, 10, 5, 11], "rotation": 90, "texture": "#0"},
				"south": {"uv": [4, 10, 5, 11], "texture": "#0"},
				"west": {"uv": [4, 10, 5, 11], "rotation": 270, "texture": "#0"},
				"up": {"uv": [4, 10, 5, 11], "texture": "#0"},
				"down": {"uv": [4, 11, 5, 10], "texture": "#0"}
			}
		},
		{
			"name": "lifestealer_70",
			"from": [5, 0, 10],
			"to": [6, 1, 11],
			"faces": {
				"north": {"uv": [6, 10, 5, 11], "texture": "#0"},
				"east": {"uv": [5, 10, 6, 11], "rotation": 90, "texture": "#0"},
				"south": {"uv": [5, 10, 6, 11], "texture": "#0"},
				"west": {"uv": [5, 10, 6, 11], "rotation": 270, "texture": "#0"},
				"up": {"uv": [5, 10, 6, 11], "texture": "#0"},
				"down": {"uv": [5, 11, 6, 10], "texture": "#0"}
			}
		},
		{
			"name": "lifestealer_71",
			"from": [6, 0, 10],
			"to": [7, 1, 11],
			"faces": {
				"north": {"uv": [7, 10, 6, 11], "texture": "#0"},
				"east": {"uv": [6, 10, 7, 11], "rotation": 90, "texture": "#0"},
				"south": {"uv": [6, 10, 7, 11], "texture": "#0"},
				"west": {"uv": [6, 10, 7, 11], "rotation": 270, "texture": "#0"},
				"up": {"uv": [6, 10, 7, 11], "texture": "#0"},
				"down": {"uv": [6, 11, 7, 10], "texture": "#0"}
			}
		},
		{
			"name": "lifestealer_72",
			"from": [7, 0, 10],
			"to": [8, 1, 11],
			"faces": {
				"north": {"uv": [8, 10, 7, 11], "texture": "#0"},
				"east": {"uv": [7, 10, 8, 11], "rotation": 90, "texture": "#0"},
				"south": {"uv": [7, 10, 8, 11], "texture": "#0"},
				"west": {"uv": [7, 10, 8, 11], "rotation": 270, "texture": "#0"},
				"up": {"uv": [7, 10, 8, 11], "texture": "#0"},
				"down": {"uv": [7, 11, 8, 10], "texture": "#0"}
			}
		},
		{
			"name": "lifestealer_73",
			"from": [8, 0, 10],
			"to": [9, 1, 11],
			"faces": {
				"north": {"uv": [9, 10, 8, 11], "texture": "#0"},
				"east": {"uv": [8, 10, 9, 11], "rotation": 90, "texture": "#0"},
				"south": {"uv": [8, 10, 9, 11], "texture": "#0"},
				"west": {"uv": [8, 10, 9, 11], "rotation": 270, "texture": "#0"},
				"up": {"uv": [8, 10, 9, 11], "texture": "#0"},
				"down": {"uv": [8, 11, 9, 10], "texture": "#0"}
			}
		},
		{
			"name": "lifestealer_74",
			"from": [3, 0, 11],
			"to": [4, 1, 12],
			"faces": {
				"north": {"uv": [4, 11, 3, 12], "texture": "#0"},
				"east": {"uv": [3, 11, 4, 12], "rotation": 90, "texture": "#0"},
				"south": {"uv": [3, 11, 4, 12], "texture": "#0"},
				"west": {"uv": [3, 11, 4, 12], "rotation": 270, "texture": "#0"},
				"up": {"uv": [3, 11, 4, 12], "texture": "#0"},
				"down": {"uv": [3, 12, 4, 11], "texture": "#0"}
			}
		},
		{
			"name": "lifestealer_75",
			"from": [4, 0, 11],
			"to": [5, 1, 12],
			"faces": {
				"north": {"uv": [5, 11, 4, 12], "texture": "#0"},
				"east": {"uv": [4, 11, 5, 12], "rotation": 90, "texture": "#0"},
				"south": {"uv": [4, 11, 5, 12], "texture": "#0"},
				"west": {"uv": [4, 11, 5, 12], "rotation": 270, "texture": "#0"},
				"up": {"uv": [4, 11, 5, 12], "texture": "#0"},
				"down": {"uv": [4, 12, 5, 11], "texture": "#0"}
			}
		},
		{
			"name": "lifestealer_76",
			"from": [5, 0, 11],
			"to": [6, 1, 12],
			"faces": {
				"north": {"uv": [6, 11, 5, 12], "texture": "#0"},
				"east": {"uv": [5, 11, 6, 12], "rotation": 90, "texture": "#0"},
				"south": {"uv": [5, 11, 6, 12], "texture": "#0"},
				"west": {"uv": [5, 11, 6, 12], "rotation": 270, "texture": "#0"},
				"up": {"uv": [5, 11, 6, 12], "texture": "#0"},
				"down": {"uv": [5, 12, 6, 11], "texture": "#0"}
			}
		},
		{
			"name": "lifestealer_77",
			"from": [6, 0, 11],
			"to": [7, 1, 12],
			"faces": {
				"north": {"uv": [7, 11, 6, 12], "texture": "#0"},
				"east": {"uv": [6, 11, 7, 12], "rotation": 90, "texture": "#0"},
				"south": {"uv": [6, 11, 7, 12], "texture": "#0"},
				"west": {"uv": [6, 11, 7, 12], "rotation": 270, "texture": "#0"},
				"up": {"uv": [6, 11, 7, 12], "texture": "#0"},
				"down": {"uv": [6, 12, 7, 11], "texture": "#0"}
			}
		},
		{
			"name": "lifestealer_78",
			"from": [7, 0, 11],
			"to": [8, 1, 12],
			"faces": {
				"north": {"uv": [8, 11, 7, 12], "texture": "#0"},
				"east": {"uv": [7, 11, 8, 12], "rotation": 90, "texture": "#0"},
				"south": {"uv": [7, 11, 8, 12], "texture": "#0"},
				"west": {"uv": [7, 11, 8, 12], "rotation": 270, "texture": "#0"},
				"up": {"uv": [7, 11, 8, 12], "texture": "#0"},
				"down": {"uv": [7, 12, 8, 11], "texture": "#0"}
			}
		},
		{
			"name": "lifestealer_79",
			"from": [1, 0, 12],
			"to": [2, 1, 13],
			"faces": {
				"north": {"uv": [2, 12, 1, 13], "texture": "#0"},
				"east": {"uv": [1, 12, 2, 13], "rotation": 90, "texture": "#0"},
				"south": {"uv": [1, 12, 2, 13], "texture": "#0"},
				"west": {"uv": [1, 12, 2, 13], "rotation": 270, "texture": "#0"},
				"up": {"uv": [1, 12, 2, 13], "texture": "#0"},
				"down": {"uv": [1, 13, 2, 12], "texture": "#0"}
			}
		},
		{
			"name": "lifestealer_80",
			"from": [2, 0, 12],
			"to": [3, 1, 13],
			"faces": {
				"north": {"uv": [3, 12, 2, 13], "texture": "#0"},
				"east": {"uv": [2, 12, 3, 13], "rotation": 90, "texture": "#0"},
				"south": {"uv": [2, 12, 3, 13], "texture": "#0"},
				"west": {"uv": [2, 12, 3, 13], "rotation": 270, "texture": "#0"},
				"up": {"uv": [2, 12, 3, 13], "texture": "#0"},
				"down": {"uv": [2, 13, 3, 12], "texture": "#0"}
			}
		},
		{
			"name": "lifestealer_81",
			"from": [3, 0, 12],
			"to": [4, 1, 13],
			"faces": {
				"north": {"uv": [4, 12, 3, 13], "texture": "#0"},
				"east": {"uv": [3, 12, 4, 13], "rotation": 90, "texture": "#0"},
				"south": {"uv": [3, 12, 4, 13], "texture": "#0"},
				"west": {"uv": [3, 12, 4, 13], "rotation": 270, "texture": "#0"},
				"up": {"uv": [3, 12, 4, 13], "texture": "#0"},
				"down": {"uv": [3, 13, 4, 12], "texture": "#0"}
			}
		},
		{
			"name": "lifestealer_82",
			"from": [4, 0, 12],
			"to": [5, 1, 13],
			"faces": {
				"north": {"uv": [5, 12, 4, 13], "texture": "#0"},
				"east": {"uv": [4, 12, 5, 13], "rotation": 90, "texture": "#0"},
				"south": {"uv": [4, 12, 5, 13], "texture": "#0"},
				"west": {"uv": [4, 12, 5, 13], "rotation": 270, "texture": "#0"},
				"up": {"uv": [4, 12, 5, 13], "texture": "#0"},
				"down": {"uv": [4, 13, 5, 12], "texture": "#0"}
			}
		},
		{
			"name": "lifestealer_83",
			"from": [5, 0, 12],
			"to": [6, 1, 13],
			"faces": {
				"north": {"uv": [6, 12, 5, 13], "texture": "#0"},
				"east": {"uv": [5, 12, 6, 13], "rotation": 90, "texture": "#0"},
				"south": {"uv": [5, 12, 6, 13], "texture": "#0"},
				"west": {"uv": [5, 12, 6, 13], "rotation": 270, "texture": "#0"},
				"up": {"uv": [5, 12, 6, 13], "texture": "#0"},
				"down": {"uv": [5, 13, 6, 12], "texture": "#0"}
			}
		},
		{
			"name": "lifestealer_84",
			"from": [6, 0, 12],
			"to": [7, 1, 13],
			"faces": {
				"north": {"uv": [7, 12, 6, 13], "texture": "#0"},
				"east": {"uv": [6, 12, 7, 13], "rotation": 90, "texture": "#0"},
				"south": {"uv": [6, 12, 7, 13], "texture": "#0"},
				"west": {"uv": [6, 12, 7, 13], "rotation": 270, "texture": "#0"},
				"up": {"uv": [6, 12, 7, 13], "texture": "#0"},
				"down": {"uv": [6, 13, 7, 12], "texture": "#0"}
			}
		},
		{
			"name": "lifestealer_85",
			"from": [7, 0, 12],
			"to": [8, 1, 13],
			"faces": {
				"north": {"uv": [8, 12, 7, 13], "texture": "#0"},
				"east": {"uv": [7, 12, 8, 13], "rotation": 90, "texture": "#0"},
				"south": {"uv": [7, 12, 8, 13], "texture": "#0"},
				"west": {"uv": [7, 12, 8, 13], "rotation": 270, "texture": "#0"},
				"up": {"uv": [7, 12, 8, 13], "texture": "#0"},
				"down": {"uv": [7, 13, 8, 12], "texture": "#0"}
			}
		},
		{
			"name": "lifestealer_86",
			"from": [8, 0, 12],
			"to": [9, 1, 13],
			"faces": {
				"north": {"uv": [9, 12, 8, 13], "texture": "#0"},
				"east": {"uv": [8, 12, 9, 13], "rotation": 90, "texture": "#0"},
				"south": {"uv": [8, 12, 9, 13], "texture": "#0"},
				"west": {"uv": [8, 12, 9, 13], "rotation": 270, "texture": "#0"},
				"up": {"uv": [8, 12, 9, 13], "texture": "#0"},
				"down": {"uv": [8, 13, 9, 12], "texture": "#0"}
			}
		},
		{
			"name": "lifestealer_87",
			"from": [9, 0, 12],
			"to": [10, 1, 13],
			"faces": {
				"north": {"uv": [10, 12, 9, 13], "texture": "#0"},
				"east": {"uv": [9, 12, 10, 13], "rotation": 90, "texture": "#0"},
				"south": {"uv": [9, 12, 10, 13], "texture": "#0"},
				"west": {"uv": [9, 12, 10, 13], "rotation": 270, "texture": "#0"},
				"up": {"uv": [9, 12, 10, 13], "texture": "#0"},
				"down": {"uv": [9, 13, 10, 12], "texture": "#0"}
			}
		},
		{
			"name": "lifestealer_88",
			"from": [0, 0, 13],
			"to": [1, 1, 14],
			"faces": {
				"north": {"uv": [1, 13, 0, 14], "texture": "#0"},
				"east": {"uv": [0, 13, 1, 14], "rotation": 90, "texture": "#0"},
				"south": {"uv": [0, 13, 1, 14], "texture": "#0"},
				"west": {"uv": [0, 13, 1, 14], "rotation": 270, "texture": "#0"},
				"up": {"uv": [0, 13, 1, 14], "texture": "#0"},
				"down": {"uv": [0, 14, 1, 13], "texture": "#0"}
			}
		},
		{
			"name": "lifestealer_89",
			"from": [1, 0, 13],
			"to": [2, 1, 14],
			"faces": {
				"north": {"uv": [2, 13, 1, 14], "texture": "#0"},
				"east": {"uv": [1, 13, 2, 14], "rotation": 90, "texture": "#0"},
				"south": {"uv": [1, 13, 2, 14], "texture": "#0"},
				"west": {"uv": [1, 13, 2, 14], "rotation": 270, "texture": "#0"},
				"up": {"uv": [1, 13, 2, 14], "texture": "#0"},
				"down": {"uv": [1, 14, 2, 13], "texture": "#0"}
			}
		},
		{
			"name": "lifestealer_90",
			"from": [2, 0, 13],
			"to": [3, 1, 14],
			"faces": {
				"north": {"uv": [3, 13, 2, 14], "texture": "#0"},
				"east": {"uv": [2, 13, 3, 14], "rotation": 90, "texture": "#0"},
				"south": {"uv": [2, 13, 3, 14], "texture": "#0"},
				"west": {"uv": [2, 13, 3, 14], "rotation": 270, "texture": "#0"},
				"up": {"uv": [2, 13, 3, 14], "texture": "#0"},
				"down": {"uv": [2, 14, 3, 13], "texture": "#0"}
			}
		},
		{
			"name": "lifestealer_91",
			"from": [3, 0, 13],
			"to": [4, 1, 14],
			"faces": {
				"north": {"uv": [4, 13, 3, 14], "texture": "#0"},
				"east": {"uv": [3, 13, 4, 14], "rotation": 90, "texture": "#0"},
				"south": {"uv": [3, 13, 4, 14], "texture": "#0"},
				"west": {"uv": [3, 13, 4, 14], "rotation": 270, "texture": "#0"},
				"up": {"uv": [3, 13, 4, 14], "texture": "#0"},
				"down": {"uv": [3, 14, 4, 13], "texture": "#0"}
			}
		},
		{
			"name": "lifestealer_92",
			"from": [7, 0, 13],
			"to": [8, 1, 14],
			"faces": {
				"north": {"uv": [8, 13, 7, 14], "texture": "#0"},
				"east": {"uv": [7, 13, 8, 14], "rotation": 90, "texture": "#0"},
				"south": {"uv": [7, 13, 8, 14], "texture": "#0"},
				"west": {"uv": [7, 13, 8, 14], "rotation": 270, "texture": "#0"},
				"up": {"uv": [7, 13, 8, 14], "texture": "#0"},
				"down": {"uv": [7, 14, 8, 13], "texture": "#0"}
			}
		},
		{
			"name": "lifestealer_93",
			"from": [8, 0, 13],
			"to": [9, 1, 14],
			"faces": {
				"north": {"uv": [9, 13, 8, 14], "texture": "#0"},
				"east": {"uv": [8, 13, 9, 14], "rotation": 90, "texture": "#0"},
				"south": {"uv": [8, 13, 9, 14], "texture": "#0"},
				"west": {"uv": [8, 13, 9, 14], "rotation": 270, "texture": "#0"},
				"up": {"uv": [8, 13, 9, 14], "texture": "#0"},
				"down": {"uv": [8, 14, 9, 13], "texture": "#0"}
			}
		},
		{
			"name": "lifestealer_94",
			"from": [0, 0, 14],
			"to": [1, 1, 15],
			"faces": {
				"north": {"uv": [1, 14, 0, 15], "texture": "#0"},
				"east": {"uv": [0, 14, 1, 15], "rotation": 90, "texture": "#0"},
				"south": {"uv": [0, 14, 1, 15], "texture": "#0"},
				"west": {"uv": [0, 14, 1, 15], "rotation": 270, "texture": "#0"},
				"up": {"uv": [0, 14, 1, 15], "texture": "#0"},
				"down": {"uv": [0, 15, 1, 14], "texture": "#0"}
			}
		},
		{
			"name": "lifestealer_95",
			"from": [1, 0, 14],
			"to": [2, 1, 15],
			"faces": {
				"north": {"uv": [2, 14, 1, 15], "texture": "#0"},
				"east": {"uv": [1, 14, 2, 15], "rotation": 90, "texture": "#0"},
				"south": {"uv": [1, 14, 2, 15], "texture": "#0"},
				"west": {"uv": [1, 14, 2, 15], "rotation": 270, "texture": "#0"},
				"up": {"uv": [1, 14, 2, 15], "texture": "#0"},
				"down": {"uv": [1, 15, 2, 14], "texture": "#0"}
			}
		},
		{
			"name": "lifestealer_96",
			"from": [2, 0, 14],
			"to": [3, 1, 15],
			"faces": {
				"north": {"uv": [3, 14, 2, 15], "texture": "#0"},
				"east": {"uv": [2, 14, 3, 15], "rotation": 90, "texture": "#0"},
				"south": {"uv": [2, 14, 3, 15], "texture": "#0"},
				"west": {"uv": [2, 14, 3, 15], "rotation": 270, "texture": "#0"},
				"up": {"uv": [2, 14, 3, 15], "texture": "#0"},
				"down": {"uv": [2, 15, 3, 14], "texture": "#0"}
			}
		},
		{
			"name": "lifestealer_97",
			"from": [3, 0, 14],
			"to": [4, 1, 15],
			"faces": {
				"north": {"uv": [4, 14, 3, 15], "texture": "#0"},
				"east": {"uv": [3, 14, 4, 15], "rotation": 90, "texture": "#0"},
				"south": {"uv": [3, 14, 4, 15], "texture": "#0"},
				"west": {"uv": [3, 14, 4, 15], "rotation": 270, "texture": "#0"},
				"up": {"uv": [3, 14, 4, 15], "texture": "#0"},
				"down": {"uv": [3, 15, 4, 14], "texture": "#0"}
			}
		},
		{
			"name": "lifestealer_98",
			"from": [0, 0, 15],
			"to": [1, 1, 16],
			"faces": {
				"north": {"uv": [1, 15, 0, 16], "texture": "#0"},
				"east": {"uv": [0, 15, 1, 16], "rotation": 90, "texture": "#0"},
				"south": {"uv": [0, 15, 1, 16], "texture": "#0"},
				"west": {"uv": [0, 15, 1, 16], "rotation": 270, "texture": "#0"},
				"up": {"uv": [0, 15, 1, 16], "texture": "#0"},
				"down": {"uv": [0, 16, 1, 15], "texture": "#0"}
			}
		},
		{
			"name": "lifestealer_99",
			"from": [1, 0, 15],
			"to": [2, 1, 16],
			"faces": {
				"north": {"uv": [2, 15, 1, 16], "texture": "#0"},
				"east": {"uv": [1, 15, 2, 16], "rotation": 90, "texture": "#0"},
				"south": {"uv": [1, 15, 2, 16], "texture": "#0"},
				"west": {"uv": [1, 15, 2, 16], "rotation": 270, "texture": "#0"},
				"up": {"uv": [1, 15, 2, 16], "texture": "#0"},
				"down": {"uv": [1, 16, 2, 15], "texture": "#0"}
			}
		},
		{
			"name": "lifestealer_100",
			"from": [2, 0, 15],
			"to": [3, 1, 16],
			"faces": {
				"north": {"uv": [3, 15, 2, 16], "texture": "#0"},
				"east": {"uv": [2, 15, 3, 16], "rotation": 90, "texture": "#0"},
				"south": {"uv": [2, 15, 3, 16], "texture": "#0"},
				"west": {"uv": [2, 15, 3, 16], "rotation": 270, "texture": "#0"},
				"up": {"uv": [2, 15, 3, 16], "texture": "#0"},
				"down": {"uv": [2, 16, 3, 15], "texture": "#0"}
			}
		}
	],
	"gui_light": "front",
	"display": {
		"thirdperson_righthand": {
			"rotation": [135, 0, -90],
			"translation": [7.75, 3.5, 0.25],
			"scale": [0.75, 1, 0.75]
		},
		"thirdperson_lefthand": {
			"rotation": [45, 0, -90],
			"translation": [7.75, 3.5, 0.25],
			"scale": [0.75, 1, 0.75]
		},
		"firstperson_righthand": {
			"rotation": [150, 0, -90],
			"translation": [10, 2.75, -0.5],
			"scale": [0.6, 1, 0.6]
		},
		"firstperson_lefthand": {
			"rotation": [60, 0, -90],
			"translation": [10, 2.75, -0.5],
			"scale": [0.6, 1, 0.6]
		},
		"ground": {
			"translation": [0, 4, 0],
			"scale": [0.75, 1, 0.75]
		},
		"gui": {
			"rotation": [90, 0, 0],
			"translation": [0, 0, -6.75]
		},
		"fixed": {
			"rotation": [90, 0, 180],
			"translation": [0, 0, -6.75]
		}
	},
	"groups": [
		{
			"name": "lifestealer",
			"origin": [8, 8, 8],
			"color": 0,
			"children": [
				0,
				1,
				2,
				3,
				4,
				5,
				6,
				7,
				8,
				9,
				10,
				11,
				12,
				13,
				14,
				15,
				16,
				17,
				18,
				19,
				20,
				21,
				22,
				23,
				24,
				25,
				26,
				27,
				28,
				29,
				30,
				31,
				32,
				33,
				34,
				35,
				36,
				37,
				38,
				39,
				40,
				41,
				42,
				43,
				44,
				45,
				46,
				47,
				48,
				49,
				50,
				51,
				52,
				53,
				54,
				55,
				56,
				57,
				58,
				59,
				60,
				61,
				62,
				63,
				64,
				65,
				66,
				67,
				68,
				69,
				70,
				71,
				72,
				73,
				74,
				75,
				76,
				77,
				78,
				79,
				80,
				81,
				82,
				83,
				84,
				85,
				86,
				87,
				88,
				89,
				90,
				91,
				92,
				93,
				94,
				95,
				96,
				97,
				98,
				99,
				100
			]
		}
	]
}