{
	"credit": "Made with Blockbench",
	"parent": "block/cross",
	"ambientocclusion": false,
	"textures": {
		"cross": "block/brown_mushroom"
	},
	"elements": [
		{
			"from": [7, 0, 7],
			"to": [9, 4, 9],
			"faces": {
				"north": {"uv": [7, 12, 9, 16], "texture": "#cross"},
				"east": {"uv": [7, 12, 8, 16], "texture": "#cross"},
				"south": {"uv": [9, 12, 7, 16], "texture": "#cross"},
				"west": {"uv": [8, 12, 9, 16], "texture": "#cross"},
				"up": {"uv": [0, 0, 2, 2], "texture": "#missing"},
				"down": {"uv": [9, 14, 7, 16], "texture": "#cross"}
			}
		},
		{
			"from": [7, 4, 7],
			"to": [9, 5, 9],
			"faces": {
				"north": {"uv": [7, 12, 9, 13], "texture": "#cross"},
				"east": {"uv": [7, 12, 8, 13], "texture": "#cross"},
				"south": {"uv": [9, 12, 7, 13], "texture": "#cross"},
				"west": {"uv": [8, 12, 9, 13], "texture": "#cross"},
				"up": {"uv": [0, 0, 2, 2], "texture": "#missing"},
				"down": {"uv": [9, 14, 7, 16], "texture": "#cross"}
			}
		},
		{
			"from": [6, 7, 6],
			"to": [10, 8, 10],
			"faces": {
				"north": {"uv": [6, 8, 10, 9], "texture": "#cross"},
				"east": {"uv": [6, 8, 10, 9], "texture": "#cross"},
				"south": {"uv": [10, 8, 6, 9], "texture": "#cross"},
				"west": {"uv": [6, 8, 10, 9], "texture": "#cross"},
				"up": {"uv": [9, 8, 6, 10], "texture": "#cross"},
				"down": {"uv": [0, 0, 4, 4], "texture": "#missing"}
			}
		},
		{
			"from": [5, 6, 5],
			"to": [11, 7, 11],
			"faces": {
				"north": {"uv": [5, 9, 11, 10], "texture": "#cross"},
				"east": {"uv": [5, 9, 11, 10], "texture": "#cross"},
				"south": {"uv": [11, 9, 5, 10], "texture": "#cross"},
				"west": {"uv": [5, 9, 11, 10], "texture": "#cross"},
				"down": {"uv": [0, 0, 4, 4], "texture": "#missing"}
			}
		},
		{
			"from": [4, 5, 4],
			"to": [12, 6, 12],
			"faces": {
				"north": {"uv": [4, 10, 12, 11], "texture": "#cross"},
				"east": {"uv": [4, 10, 12, 11], "texture": "#cross"},
				"south": {"uv": [12, 10, 4, 11], "texture": "#cross"},
				"west": {"uv": [4, 10, 12, 11], "texture": "#cross"},
				"down": {"uv": [8, 11, 9, 12], "texture": "#cross"}
			}
		},
		{
			"from": [4, 4, 4],
			"to": [12, 5, 5],
			"faces": {
				"north": {"uv": [4, 11, 12, 12], "texture": "#cross"},
				"east": {"uv": [4, 11, 5, 12], "texture": "#cross"},
				"south": {"uv": [12, 11, 4, 12], "texture": "#cross"},
				"west": {"uv": [11, 11, 12, 12], "texture": "#cross"},
				"up": {"uv": [12, 11, 4, 12], "texture": "#cross"},
				"down": {"uv": [4, 11, 12, 12], "texture": "#cross"}
			}
		},
		{
			"from": [4, 4, 11],
			"to": [12, 5, 12],
			"faces": {
				"north": {"uv": [4, 11, 12, 12], "texture": "#cross"},
				"east": {"uv": [4, 11, 5, 12], "texture": "#cross"},
				"south": {"uv": [12, 11, 4, 12], "texture": "#cross"},
				"west": {"uv": [11, 11, 12, 12], "texture": "#cross"},
				"up": {"uv": [12, 11, 4, 12], "texture": "#cross"},
				"down": {"uv": [4, 11, 12, 12], "texture": "#cross"}
			}
		},
		{
			"from": [11, 4, 4],
			"to": [12, 5, 12],
			"faces": {
				"north": {"uv": [4, 11, 5, 12], "texture": "#cross"},
				"east": {"uv": [4, 11, 12, 12], "texture": "#cross"},
				"south": {"uv": [5, 11, 4, 12], "texture": "#cross"},
				"west": {"uv": [4, 11, 5, 12], "texture": "#cross"},
				"up": {"uv": [12, 11, 4, 12], "texture": "#cross"},
				"down": {"uv": [4, 11, 5, 12], "texture": "#cross"}
			}
		},
		{
			"from": [4, 4, 4],
			"to": [5, 5, 12],
			"faces": {
				"north": {"uv": [11, 11, 12, 12], "texture": "#cross"},
				"east": {"uv": [11, 11, 12, 12], "texture": "#cross"},
				"south": {"uv": [12, 11, 11, 12], "texture": "#cross"},
				"west": {"uv": [4, 11, 12, 12], "texture": "#cross"},
				"up": {"uv": [12, 11, 4, 12], "texture": "#cross"},
				"down": {"uv": [11, 11, 12, 12], "texture": "#cross"}
			}
		},
		{
			"from": [4, 5, 4],
			"to": [5, 6, 12],
			"faces": {
				"up": {"uv": [4, 10, 12, 11], "rotation": 90, "texture": "#cross"}
			}
		},
		{
			"from": [11, 5, 4],
			"to": [12, 6, 12],
			"faces": {
				"up": {"uv": [12, 10, 4, 11], "rotation": 90, "texture": "#cross"}
			}
		},
		{
			"from": [5, 5, 4],
			"to": [11, 6, 12],
			"faces": {
				"up": {"uv": [11, 10, 5, 11], "texture": "#cross"}
			}
		},
		{
			"from": [10, 6, 5],
			"to": [11, 7, 11],
			"faces": {
				"up": {"uv": [11, 9, 5, 10], "rotation": 90, "texture": "#cross"}
			}
		},
		{
			"from": [5, 6, 5],
			"to": [6, 7, 11],
			"faces": {
				"up": {"uv": [11, 9, 5, 10], "rotation": 270, "texture": "#cross"}
			}
		},
		{
			"from": [6, 6, 5],
			"to": [10, 7, 11],
			"faces": {
				"up": {"uv": [10, 9, 6, 10], "texture": "#cross"}
			}
		}
	]
}