{
	"credit": "Made with Blockbench",
	"parent": "minecraft:block/cross",
	"ambientocclusion": false,
	"textures": {
		"cross": "block/crimson_fungus"
	},
	"elements": [
		{
			"from": [4, 5, 4],
			"to": [12, 6, 5],
			"rotation": {"angle": 0, "axis": "y", "origin": [8, 7.91667, 8]},
			"faces": {
				"north": {"uv": [4, 10, 12, 11], "texture": "#cross"},
				"east": {"uv": [4, 10, 5, 11], "texture": "#cross"},
				"south": {"uv": [4, 10, 12, 11], "texture": "#cross"},
				"west": {"uv": [11, 10, 12, 11], "texture": "#cross"},
				"up": {"uv": [4, 10, 12, 11], "texture": "#cross"},
				"down": {"uv": [4, 10, 12, 11], "texture": "#cross"}
			}
		},
		{
			"from": [4, 7, 4],
			"to": [12, 8, 5],
			"rotation": {"angle": 0, "axis": "y", "origin": [8, 7.91667, 8]},
			"faces": {
				"north": {"uv": [4, 10, 12, 11], "texture": "#cross"},
				"east": {"uv": [4, 10, 5, 11], "texture": "#cross"},
				"south": {"uv": [4, 10, 12, 11], "texture": "#cross"},
				"west": {"uv": [11, 10, 12, 11], "texture": "#cross"},
				"up": {"uv": [12, 8, 4, 9], "texture": "#cross"},
				"down": {"uv": [4, 10, 12, 11], "texture": "#cross"}
			}
		},
		{
			"from": [4, 7, 11],
			"to": [12, 8, 12],
			"rotation": {"angle": 0, "axis": "y", "origin": [8, 7.91667, 8]},
			"faces": {
				"north": {"uv": [4, 10, 12, 11], "texture": "#cross"},
				"east": {"uv": [11, 10, 12, 11], "texture": "#cross"},
				"south": {"uv": [4, 10, 12, 11], "texture": "#cross"},
				"west": {"uv": [4, 10, 5, 11], "texture": "#cross"},
				"up": {"uv": [12, 8, 4, 9], "rotation": 180, "texture": "#cross"},
				"down": {"uv": [4, 10, 12, 11], "rotation": 180, "texture": "#cross"}
			}
		},
		{
			"from": [4, 5, 11],
			"to": [12, 6, 12],
			"rotation": {"angle": 0, "axis": "y", "origin": [8, 7.91667, 8]},
			"faces": {
				"north": {"uv": [4, 10, 12, 11], "texture": "#cross"},
				"east": {"uv": [11, 10, 12, 11], "texture": "#cross"},
				"south": {"uv": [4, 10, 12, 11], "texture": "#cross"},
				"west": {"uv": [4, 10, 5, 11], "texture": "#cross"},
				"up": {"uv": [4, 10, 12, 11], "rotation": 180, "texture": "#cross"},
				"down": {"uv": [4, 10, 12, 11], "rotation": 180, "texture": "#cross"}
			}
		},
		{
			"from": [11, 5, 5],
			"to": [12, 6, 11],
			"rotation": {"angle": 0, "axis": "y", "origin": [8, 7.91667, 8]},
			"faces": {
				"north": {"uv": [10, 10, 11, 11], "texture": "#cross"},
				"east": {"uv": [5, 10, 11, 11], "rotation": 180, "texture": "#cross"},
				"south": {"uv": [5, 10, 6, 11], "texture": "#cross"},
				"west": {"uv": [5, 10, 11, 11], "rotation": 180, "texture": "#cross"},
				"up": {"uv": [5, 10, 11, 11], "rotation": 90, "texture": "#cross"},
				"down": {"uv": [5, 10, 11, 11], "rotation": 270, "texture": "#cross"}
			}
		},
		{
			"from": [4, 5, 5],
			"to": [5, 6, 11],
			"rotation": {"angle": 0, "axis": "y", "origin": [8, 7.91667, 8]},
			"faces": {
				"north": {"uv": [5, 10, 6, 11], "texture": "#cross"},
				"east": {"uv": [5, 10, 11, 11], "rotation": 180, "texture": "#cross"},
				"south": {"uv": [10, 10, 11, 11], "texture": "#cross"},
				"west": {"uv": [5, 10, 11, 11], "rotation": 180, "texture": "#cross"},
				"up": {"uv": [5, 10, 11, 11], "rotation": 270, "texture": "#cross"},
				"down": {"uv": [5, 10, 11, 11], "rotation": 90, "texture": "#cross"}
			}
		},
		{
			"from": [11, 7, 5],
			"to": [12, 8, 11],
			"rotation": {"angle": 0, "axis": "y", "origin": [8, 7.91667, 8]},
			"faces": {
				"north": {"uv": [5, 10, 6, 11], "texture": "#cross"},
				"east": {"uv": [5, 10, 11, 11], "rotation": 180, "texture": "#cross"},
				"south": {"uv": [10, 10, 11, 11], "texture": "#cross"},
				"west": {"uv": [5, 10, 11, 11], "rotation": 180, "texture": "#cross"},
				"up": {"uv": [5, 8, 11, 9], "rotation": 270, "texture": "#cross"},
				"down": {"uv": [5, 10, 11, 11], "rotation": 90, "texture": "#cross"}
			}
		},
		{
			"from": [4, 7, 5],
			"to": [5, 8, 11],
			"rotation": {"angle": 0, "axis": "y", "origin": [8, 7.91667, 8]},
			"faces": {
				"north": {"uv": [10, 10, 11, 11], "texture": "#cross"},
				"east": {"uv": [5, 10, 11, 11], "rotation": 180, "texture": "#cross"},
				"south": {"uv": [5, 10, 6, 11], "texture": "#cross"},
				"west": {"uv": [5, 10, 11, 11], "rotation": 180, "texture": "#cross"},
				"up": {"uv": [5, 8, 11, 9], "rotation": 90, "texture": "#cross"},
				"down": {"uv": [5, 10, 11, 11], "rotation": 270, "texture": "#cross"}
			}
		},
		{
			"from": [3, 6, 3],
			"to": [13, 8, 4],
			"rotation": {"angle": 0, "axis": "y", "origin": [8, 7.91667, 8]},
			"faces": {
				"north": {"uv": [3, 8, 13, 10], "texture": "#cross"},
				"east": {"uv": [12, 8, 13, 10], "texture": "#cross"},
				"south": {"uv": [3, 8, 13, 10], "texture": "#cross"},
				"west": {"uv": [3, 8, 4, 10], "texture": "#cross"},
				"up": {"uv": [13, 8, 3, 9], "texture": "#cross"},
				"down": {"uv": [13, 9, 3, 10], "texture": "#cross"}
			}
		},
		{
			"from": [3, 6, 12],
			"to": [13, 8, 13],
			"rotation": {"angle": 0, "axis": "y", "origin": [8, 7.91667, 8]},
			"faces": {
				"north": {"uv": [3, 8, 13, 10], "texture": "#cross"},
				"east": {"uv": [3, 8, 4, 10], "texture": "#cross"},
				"south": {"uv": [3, 8, 13, 10], "texture": "#cross"},
				"west": {"uv": [12, 8, 13, 10], "texture": "#cross"},
				"up": {"uv": [13, 8, 3, 9], "rotation": 180, "texture": "#cross"},
				"down": {"uv": [13, 9, 3, 10], "rotation": 180, "texture": "#cross"}
			}
		},
		{
			"from": [3, 6, 4],
			"to": [4, 8, 12],
			"rotation": {"angle": 0, "axis": "y", "origin": [8, 7.91667, 8]},
			"faces": {
				"north": {"uv": [0, 0, 1, 2], "texture": "#missing"},
				"east": {"uv": [4, 8, 12, 10], "texture": "#cross"},
				"south": {"uv": [0, 0, 1, 2], "texture": "#missing"},
				"west": {"uv": [4, 8, 12, 10], "texture": "#cross"},
				"up": {"uv": [12, 8, 4, 9], "rotation": 270, "texture": "#cross"},
				"down": {"uv": [12, 9, 4, 10], "rotation": 90, "texture": "#cross"}
			}
		},
		{
			"from": [12, 6, 4],
			"to": [13, 8, 12],
			"rotation": {"angle": 0, "axis": "y", "origin": [8, 7.91667, 8]},
			"faces": {
				"north": {"uv": [0, 0, 1, 2], "texture": "#missing"},
				"east": {"uv": [4, 8, 12, 10], "texture": "#cross"},
				"south": {"uv": [0, 0, 1, 2], "texture": "#missing"},
				"west": {"uv": [4, 8, 12, 10], "texture": "#cross"},
				"up": {"uv": [12, 8, 4, 9], "rotation": 90, "texture": "#cross"},
				"down": {"uv": [12, 9, 4, 10], "rotation": 270, "texture": "#cross"}
			}
		},
		{
			"from": [5, 8, 5],
			"to": [11, 11, 6],
			"rotation": {"angle": 0, "axis": "y", "origin": [8, 7.91667, 8]},
			"faces": {
				"north": {"uv": [5, 5, 11, 8], "texture": "#cross"},
				"east": {"uv": [10, 5, 11, 8], "texture": "#cross"},
				"south": {"uv": [5, 5, 11, 8], "texture": "#cross"},
				"west": {"uv": [5, 5, 6, 8], "texture": "#cross"},
				"up": {"uv": [11, 5, 5, 6], "texture": "#cross"},
				"down": {"uv": [11, 7, 5, 8], "texture": "#cross"}
			}
		},
		{
			"from": [5, 8, 10],
			"to": [11, 11, 11],
			"rotation": {"angle": 0, "axis": "y", "origin": [8, 7.91667, 8]},
			"faces": {
				"north": {"uv": [5, 5, 11, 8], "texture": "#cross"},
				"east": {"uv": [5, 5, 6, 8], "texture": "#cross"},
				"south": {"uv": [5, 5, 11, 8], "texture": "#cross"},
				"west": {"uv": [10, 5, 11, 8], "texture": "#cross"},
				"up": {"uv": [11, 5, 5, 6], "rotation": 180, "texture": "#cross"},
				"down": {"uv": [11, 7, 5, 8], "rotation": 180, "texture": "#cross"}
			}
		},
		{
			"from": [5, 8, 6],
			"to": [6, 11, 10],
			"rotation": {"angle": 0, "axis": "y", "origin": [8, 7.91667, 8]},
			"faces": {
				"north": {"uv": [0, 0, 1, 3], "texture": "#missing"},
				"east": {"uv": [6, 5, 10, 8], "texture": "#cross"},
				"south": {"uv": [0, 0, 1, 3], "texture": "#missing"},
				"west": {"uv": [6, 5, 10, 8], "texture": "#cross"},
				"up": {"uv": [6, 5, 10, 6], "rotation": 90, "texture": "#cross"},
				"down": {"uv": [6, 7, 10, 8], "rotation": 90, "texture": "#cross"}
			}
		},
		{
			"from": [10, 8, 6],
			"to": [11, 11, 10],
			"rotation": {"angle": 0, "axis": "y", "origin": [8, 7.91667, 8]},
			"faces": {
				"north": {"uv": [0, 0, 1, 3], "texture": "#missing"},
				"east": {"uv": [6, 5, 10, 8], "texture": "#cross"},
				"south": {"uv": [0, 0, 1, 3], "texture": "#missing"},
				"west": {"uv": [6, 5, 10, 8], "texture": "#cross"},
				"up": {"uv": [6, 5, 10, 6], "rotation": 270, "texture": "#cross"},
				"down": {"uv": [6, 7, 10, 8], "rotation": 270, "texture": "#cross"}
			}
		},
		{
			"from": [6, 11, 6],
			"to": [10, 12, 7],
			"rotation": {"angle": 0, "axis": "y", "origin": [8, 7.91667, 8]},
			"faces": {
				"north": {"uv": [6, 4, 10, 5], "texture": "#cross"},
				"east": {"uv": [9, 4, 10, 5], "texture": "#cross"},
				"south": {"uv": [6, 4, 10, 5], "texture": "#cross"},
				"west": {"uv": [6, 4, 7, 5], "texture": "#cross"},
				"up": {"uv": [10, 4, 6, 5], "texture": "#cross"},
				"down": {"uv": [10, 4, 6, 5], "texture": "#cross"}
			}
		},
		{
			"from": [6, 11, 9],
			"to": [10, 12, 10],
			"rotation": {"angle": 0, "axis": "y", "origin": [8, 7.91667, 8]},
			"faces": {
				"north": {"uv": [6, 4, 10, 5], "texture": "#cross"},
				"east": {"uv": [6, 4, 7, 5], "texture": "#cross"},
				"south": {"uv": [6, 4, 10, 5], "texture": "#cross"},
				"west": {"uv": [9, 4, 10, 5], "texture": "#cross"},
				"up": {"uv": [10, 4, 6, 5], "rotation": 180, "texture": "#cross"},
				"down": {"uv": [10, 4, 6, 5], "rotation": 180, "texture": "#cross"}
			}
		},
		{
			"from": [6, 11, 7],
			"to": [7, 12, 9],
			"rotation": {"angle": 0, "axis": "y", "origin": [8, 7.91667, 8]},
			"faces": {
				"north": {"uv": [0, 0, 1, 1], "texture": "#missing"},
				"east": {"uv": [7, 4, 9, 5], "texture": "#cross"},
				"south": {"uv": [0, 0, 1, 1], "texture": "#missing"},
				"west": {"uv": [7, 4, 9, 5], "texture": "#cross"},
				"up": {"uv": [7, 4, 9, 5], "rotation": 90, "texture": "#cross"},
				"down": {"uv": [7, 4, 9, 5], "rotation": 90, "texture": "#cross"}
			}
		},
		{
			"from": [9, 11, 7],
			"to": [10, 12, 9],
			"rotation": {"angle": 0, "axis": "y", "origin": [8, 7.91667, 8]},
			"faces": {
				"north": {"uv": [0, 0, 1, 1], "texture": "#missing"},
				"east": {"uv": [7, 4, 9, 5], "texture": "#cross"},
				"south": {"uv": [0, 0, 1, 1], "texture": "#missing"},
				"west": {"uv": [7, 4, 9, 5], "texture": "#cross"},
				"up": {"uv": [7, 4, 9, 5], "rotation": 270, "texture": "#cross"},
				"down": {"uv": [7, 4, 9, 5], "rotation": 270, "texture": "#cross"}
			}
		},
		{
			"from": [7, 11, 7],
			"to": [9, 12, 9],
			"rotation": {"angle": 0, "axis": "y", "origin": [8, 7.91667, 8]},
			"faces": {
				"north": {"uv": [0, 0, 2, 1], "texture": "#missing"},
				"east": {"uv": [0, 0, 2, 1], "texture": "#missing"},
				"south": {"uv": [0, 0, 2, 1], "texture": "#missing"},
				"west": {"uv": [0, 0, 2, 1], "texture": "#missing"},
				"up": {"uv": [8, 4, 9, 5], "texture": "#cross"},
				"down": {"uv": [8, 4, 9, 6], "texture": "#cross"}
			}
		},
		{
			"from": [7, 0, 7],
			"to": [9, 5, 9],
			"rotation": {"angle": 0, "axis": "y", "origin": [8, 7.91667, 8]},
			"faces": {
				"north": {"uv": [7, 11, 9, 16], "texture": "#cross"},
				"east": {"uv": [7, 11, 9, 16], "texture": "#cross"},
				"south": {"uv": [7, 11, 9, 16], "texture": "#cross"},
				"west": {"uv": [7, 11, 9, 16], "texture": "#cross"},
				"up": {"uv": [7, 11, 9, 13], "texture": "#cross"},
				"down": {"uv": [7, 14, 9, 16], "texture": "#cross"}
			}
		},
		{
			"from": [7, 5, 7],
			"to": [9, 6, 9],
			"rotation": {"angle": 0, "axis": "y", "origin": [8, 7.91667, 8]},
			"faces": {
				"north": {"uv": [7, 12, 9, 13], "texture": "#cross"},
				"east": {"uv": [7, 12, 9, 13], "texture": "#cross"},
				"south": {"uv": [7, 12, 9, 13], "texture": "#cross"},
				"west": {"uv": [7, 12, 9, 13], "texture": "#cross"},
				"up": {"uv": [7, 11, 9, 13], "texture": "#cross"},
				"down": {"uv": [7, 14, 9, 16], "texture": "#cross"}
			}
		},
		{
			"from": [5, 6, 5],
			"to": [11, 7, 11],
			"rotation": {"angle": 0, "axis": "y", "origin": [8, 7.91667, 8]},
			"faces": {
				"north": {"uv": [0, 0, 6, 1], "texture": "#missing"},
				"east": {"uv": [0, 0, 6, 1], "texture": "#missing"},
				"south": {"uv": [0, 0, 6, 1], "texture": "#missing"},
				"west": {"uv": [0, 0, 6, 1], "texture": "#missing"},
				"up": {"uv": [0, 0, 6, 6], "texture": "#missing"},
				"down": {"uv": [5, 8, 11, 11], "texture": "#cross"}
			}
		}
	]
}