{
	"credit": "Made with Blockbench",
	"ambientocclusion": false,
	"textures": {
		"particle": "block/lily_pad",
		"texture": "block/lily_pad"
	},
	"elements": [
		{
			"from": [7, 0, 5],
			"to": [8, 0.4, 7],
			"rotation": {"angle": 0, "axis": "y", "origin": [15, 8, 14]},
			"faces": {
				"north": {"uv": [8, 5, 9, 6], "texture": "#texture", "tintindex": 0},
				"east": {"uv": [8, 5, 9, 7], "texture": "#texture", "tintindex": 0},
				"south": {"uv": [8, 6, 9, 7], "texture": "#texture", "tintindex": 0},
				"west": {"uv": [8, 5, 9, 7], "texture": "#texture", "tintindex": 0},
				"up": {"uv": [8, 5, 9, 7], "texture": "#texture", "tintindex": 0},
				"down": {"uv": [8, 5, 9, 7], "texture": "#texture", "tintindex": 0}
			}
		},
		{
			"from": [7, 0, 13],
			"to": [8, 0.4, 15],
			"rotation": {"angle": 0, "axis": "y", "origin": [15, 8, 22]},
			"faces": {
				"north": {"uv": [8, 13, 9, 14], "texture": "#texture", "tintindex": 0},
				"east": {"uv": [8, 13, 9, 15], "rotation": 90, "texture": "#texture", "tintindex": 0},
				"south": {"uv": [8, 14, 9, 15], "texture": "#texture", "tintindex": 0},
				"west": {"uv": [8, 13, 9, 15], "rotation": 270, "texture": "#texture", "tintindex": 0},
				"up": {"uv": [8, 13, 9, 15], "texture": "#texture", "tintindex": 0},
				"down": {"uv": [8, 15, 9, 13], "texture": "#texture", "tintindex": 0}
			}
		},
		{
			"from": [9, 0, 1],
			"to": [10, 0.4, 3],
			"rotation": {"angle": 0, "axis": "y", "origin": [17, 8, 10]},
			"faces": {
				"north": {"uv": [10, 1, 11, 2], "texture": "#texture", "tintindex": 0},
				"east": {"uv": [10, 1, 11, 3], "rotation": 90, "texture": "#texture", "tintindex": 0},
				"south": {"uv": [10, 2, 11, 3], "texture": "#texture", "tintindex": 0},
				"west": {"uv": [10, 1, 11, 3], "rotation": 270, "texture": "#texture", "tintindex": 0},
				"up": {"uv": [10, 1, 11, 3], "texture": "#texture", "tintindex": 0},
				"down": {"uv": [10, 3, 11, 1], "texture": "#texture", "tintindex": 0}
			}
		},
		{
			"from": [5, 0, 1],
			"to": [6, 0.4, 3],
			"rotation": {"angle": 0, "axis": "y", "origin": [13, 8, 10]},
			"faces": {
				"north": {"uv": [6, 1, 7, 2], "texture": "#texture", "tintindex": 0},
				"east": {"uv": [6, 1, 7, 3], "rotation": 90, "texture": "#texture", "tintindex": 0},
				"south": {"uv": [6, 2, 7, 3], "texture": "#texture", "tintindex": 0},
				"west": {"uv": [6, 1, 7, 3], "rotation": 270, "texture": "#texture", "tintindex": 0},
				"up": {"uv": [6, 1, 7, 3], "texture": "#texture", "tintindex": 0},
				"down": {"uv": [6, 3, 7, 1], "texture": "#texture", "tintindex": 0}
			}
		},
		{
			"from": [6, 0, 3],
			"to": [7, 0.4, 5],
			"rotation": {"angle": 0, "axis": "y", "origin": [14, 8, 12]},
			"faces": {
				"north": {"uv": [7, 3, 8, 4], "texture": "#texture", "tintindex": 0},
				"east": {"uv": [7, 3, 8, 5], "rotation": 90, "texture": "#texture", "tintindex": 0},
				"south": {"uv": [7, 4, 8, 5], "texture": "#texture", "tintindex": 0},
				"west": {"uv": [7, 3, 8, 5], "rotation": 270, "texture": "#texture", "tintindex": 0},
				"up": {"uv": [7, 3, 8, 5], "texture": "#texture", "tintindex": 0},
				"down": {"uv": [7, 5, 8, 3], "texture": "#texture", "tintindex": 0}
			}
		},
		{
			"from": [12, 0, 2],
			"to": [13, 0.4, 4],
			"rotation": {"angle": 0, "axis": "y", "origin": [20, 8, 11]},
			"faces": {
				"north": {"uv": [13, 2, 14, 3], "texture": "#texture", "tintindex": 0},
				"east": {"uv": [13, 2, 14, 4], "rotation": 90, "texture": "#texture", "tintindex": 0},
				"south": {"uv": [13, 3, 14, 4], "texture": "#texture", "tintindex": 0},
				"west": {"uv": [13, 2, 14, 4], "rotation": 270, "texture": "#texture", "tintindex": 0},
				"up": {"uv": [13, 2, 14, 4], "texture": "#texture", "tintindex": 0},
				"down": {"uv": [13, 4, 14, 2], "texture": "#texture", "tintindex": 0}
			}
		},
		{
			"from": [2, 0, 2],
			"to": [3, 0.4, 4],
			"rotation": {"angle": 0, "axis": "y", "origin": [10, 8, 11]},
			"faces": {
				"north": {"uv": [3, 2, 4, 3], "texture": "#texture", "tintindex": 0},
				"east": {"uv": [3, 2, 4, 4], "rotation": 90, "texture": "#texture", "tintindex": 0},
				"south": {"uv": [3, 3, 4, 4], "texture": "#texture", "tintindex": 0},
				"west": {"uv": [3, 2, 4, 4], "rotation": 270, "texture": "#texture", "tintindex": 0},
				"up": {"uv": [3, 2, 4, 4], "texture": "#texture", "tintindex": 0},
				"down": {"uv": [3, 4, 4, 2], "texture": "#texture", "tintindex": 0}
			}
		},
		{
			"from": [2, 0, 11],
			"to": [3, 0.4, 13],
			"rotation": {"angle": 0, "axis": "y", "origin": [10, 8, 20]},
			"faces": {
				"north": {"uv": [3, 11, 4, 12], "texture": "#texture", "tintindex": 0},
				"east": {"uv": [3, 11, 4, 13], "rotation": 90, "texture": "#texture", "tintindex": 0},
				"south": {"uv": [3, 12, 4, 13], "texture": "#texture", "tintindex": 0},
				"west": {"uv": [3, 11, 4, 13], "rotation": 270, "texture": "#texture", "tintindex": 0},
				"up": {"uv": [3, 11, 4, 13], "texture": "#texture", "tintindex": 0},
				"down": {"uv": [3, 13, 4, 11], "texture": "#texture", "tintindex": 0}
			}
		},
		{
			"from": [12, 0, 11],
			"to": [13, 0.4, 13],
			"rotation": {"angle": 0, "axis": "y", "origin": [20, 8, 20]},
			"faces": {
				"north": {"uv": [13, 11, 14, 12], "texture": "#texture", "tintindex": 0},
				"east": {"uv": [13, 11, 14, 13], "rotation": 90, "texture": "#texture", "tintindex": 0},
				"south": {"uv": [13, 12, 14, 13], "texture": "#texture", "tintindex": 0},
				"west": {"uv": [13, 11, 14, 13], "rotation": 270, "texture": "#texture", "tintindex": 0},
				"up": {"uv": [13, 11, 14, 13], "texture": "#texture", "tintindex": 0},
				"down": {"uv": [13, 13, 14, 11], "texture": "#texture", "tintindex": 0}
			}
		},
		{
			"from": [13, 0, 4],
			"to": [14, 0.4, 11],
			"rotation": {"angle": 0, "axis": "y", "origin": [21, 8, 13]},
			"faces": {
				"north": {"uv": [14, 4, 15, 5], "texture": "#texture", "tintindex": 0},
				"east": {"uv": [14, 4, 15, 11], "rotation": 90, "texture": "#texture", "tintindex": 0},
				"south": {"uv": [14, 10, 15, 11], "texture": "#texture", "tintindex": 0},
				"west": {"uv": [14, 4, 15, 11], "rotation": 270, "texture": "#texture", "tintindex": 0},
				"up": {"uv": [14, 4, 15, 11], "texture": "#texture", "tintindex": 0},
				"down": {"uv": [14, 11, 15, 4], "texture": "#texture", "tintindex": 0}
			}
		},
		{
			"from": [1, 0, 4],
			"to": [2, 0.4, 11],
			"rotation": {"angle": 0, "axis": "y", "origin": [9, 8, 13]},
			"faces": {
				"north": {"uv": [2, 4, 3, 5], "texture": "#texture", "tintindex": 0},
				"east": {"uv": [2, 4, 3, 11], "rotation": 90, "texture": "#texture", "tintindex": 0},
				"south": {"uv": [2, 10, 3, 11], "texture": "#texture", "tintindex": 0},
				"west": {"uv": [2, 4, 3, 11], "rotation": 270, "texture": "#texture", "tintindex": 0},
				"up": {"uv": [2, 4, 3, 11], "texture": "#texture", "tintindex": 0},
				"down": {"uv": [2, 11, 3, 4], "texture": "#texture", "tintindex": 0}
			}
		},
		{
			"from": [8, 0, 3],
			"to": [9, 0.4, 5],
			"rotation": {"angle": 0, "axis": "y", "origin": [16, 8, 12]},
			"faces": {
				"north": {"uv": [9, 3, 10, 4], "texture": "#texture", "tintindex": 0},
				"east": {"uv": [9, 3, 10, 5], "rotation": 90, "texture": "#texture", "tintindex": 0},
				"south": {"uv": [9, 4, 10, 5], "texture": "#texture", "tintindex": 0},
				"west": {"uv": [9, 3, 10, 5], "rotation": 270, "texture": "#texture", "tintindex": 0},
				"up": {"uv": [9, 3, 10, 5], "texture": "#texture", "tintindex": 0},
				"down": {"uv": [9, 5, 10, 3], "texture": "#texture", "tintindex": 0}
			}
		},
		{
			"from": [3, 0, 1],
			"to": [5, 0.4, 2],
			"rotation": {"angle": 0, "axis": "y", "origin": [12, 8, 9]},
			"faces": {
				"north": {"uv": [4, 1, 6, 2], "texture": "#texture", "tintindex": 0},
				"east": {"uv": [5, 1, 6, 2], "texture": "#texture", "tintindex": 0},
				"south": {"uv": [4, 1, 6, 2], "texture": "#texture", "tintindex": 0},
				"west": {"uv": [4, 1, 5, 2], "texture": "#texture", "tintindex": 0},
				"up": {"uv": [4, 1, 6, 2], "texture": "#texture", "tintindex": 0},
				"down": {"uv": [4, 1, 6, 2], "texture": "#texture", "tintindex": 0}
			}
		},
		{
			"from": [3, 0, 13],
			"to": [5, 0.4, 14],
			"rotation": {"angle": 0, "axis": "y", "origin": [12, 8, 21]},
			"faces": {
				"north": {"uv": [4, 13, 6, 14], "texture": "#texture", "tintindex": 0},
				"east": {"uv": [5, 13, 6, 14], "texture": "#texture", "tintindex": 0},
				"south": {"uv": [4, 13, 6, 14], "texture": "#texture", "tintindex": 0},
				"west": {"uv": [4, 13, 5, 14], "texture": "#texture", "tintindex": 0},
				"up": {"uv": [4, 13, 6, 14], "texture": "#texture", "tintindex": 0},
				"down": {"uv": [4, 13, 6, 14], "texture": "#texture", "tintindex": 0}
			}
		},
		{
			"from": [10, 0, 13],
			"to": [12, 0.4, 14],
			"rotation": {"angle": 0, "axis": "y", "origin": [19, 8, 21]},
			"faces": {
				"north": {"uv": [11, 13, 13, 14], "texture": "#texture", "tintindex": 0},
				"east": {"uv": [12, 13, 13, 14], "texture": "#texture", "tintindex": 0},
				"south": {"uv": [11, 13, 13, 14], "texture": "#texture", "tintindex": 0},
				"west": {"uv": [11, 13, 12, 14], "texture": "#texture", "tintindex": 0},
				"up": {"uv": [11, 13, 13, 14], "texture": "#texture", "tintindex": 0},
				"down": {"uv": [11, 13, 13, 14], "texture": "#texture", "tintindex": 0}
			}
		},
		{
			"from": [8, 0, 14],
			"to": [10, 0.4, 15],
			"rotation": {"angle": 0, "axis": "y", "origin": [17, 8, 22]},
			"faces": {
				"north": {"uv": [9, 14, 11, 15], "texture": "#texture", "tintindex": 0},
				"east": {"uv": [10, 14, 11, 15], "texture": "#texture", "tintindex": 0},
				"south": {"uv": [9, 14, 11, 15], "texture": "#texture", "tintindex": 0},
				"west": {"uv": [9, 14, 10, 15], "texture": "#texture", "tintindex": 0},
				"up": {"uv": [9, 14, 11, 15], "texture": "#texture", "tintindex": 0},
				"down": {"uv": [9, 14, 11, 15], "texture": "#texture", "tintindex": 0}
			}
		},
		{
			"from": [5, 0, 14],
			"to": [7, 0.4, 15],
			"rotation": {"angle": 0, "axis": "y", "origin": [14, 8, 22]},
			"faces": {
				"north": {"uv": [6, 14, 8, 15], "texture": "#texture", "tintindex": 0},
				"east": {"uv": [7, 14, 8, 15], "texture": "#texture", "tintindex": 0},
				"south": {"uv": [6, 14, 8, 15], "texture": "#texture", "tintindex": 0},
				"west": {"uv": [6, 14, 7, 15], "texture": "#texture", "tintindex": 0},
				"up": {"uv": [6, 14, 8, 15], "texture": "#texture", "tintindex": 0},
				"down": {"uv": [6, 14, 8, 15], "texture": "#texture", "tintindex": 0}
			}
		},
		{
			"from": [10, 0, 1],
			"to": [12, 0.4, 2],
			"rotation": {"angle": 0, "axis": "y", "origin": [19, 8, 9]},
			"faces": {
				"north": {"uv": [11, 1, 13, 2], "texture": "#texture", "tintindex": 0},
				"east": {"uv": [12, 1, 13, 2], "texture": "#texture", "tintindex": 0},
				"south": {"uv": [11, 1, 13, 2], "texture": "#texture", "tintindex": 0},
				"west": {"uv": [11, 1, 12, 2], "texture": "#texture", "tintindex": 0},
				"up": {"uv": [11, 1, 13, 2], "texture": "#texture", "tintindex": 0},
				"down": {"uv": [11, 1, 13, 2], "texture": "#texture", "tintindex": 0}
			}
		},
		{
			"from": [12, 0, 4],
			"to": [13, 0.25, 5],
			"rotation": {"angle": 0, "axis": "y", "origin": [20, 8, 12]},
			"faces": {
				"north": {"uv": [0, 0, 1, 1], "texture": "#missing"},
				"east": {"uv": [0, 0, 1, 1], "texture": "#missing"},
				"south": {"uv": [0, 0, 1, 1], "texture": "#missing"},
				"west": {"uv": [0, 0, 1, 1], "texture": "#missing"},
				"up": {"uv": [13, 4, 14, 5], "texture": "#texture", "tintindex": 0},
				"down": {"uv": [13, 4, 14, 5], "texture": "#texture", "tintindex": 0}
			}
		},
		{
			"from": [2, 0, 4],
			"to": [3, 0.25, 5],
			"rotation": {"angle": 0, "axis": "y", "origin": [10, 8, 12]},
			"faces": {
				"north": {"uv": [0, 0, 1, 1], "texture": "#missing"},
				"east": {"uv": [0, 0, 1, 1], "texture": "#missing"},
				"south": {"uv": [0, 0, 1, 1], "texture": "#missing"},
				"west": {"uv": [0, 0, 1, 1], "texture": "#missing"},
				"up": {"uv": [3, 4, 4, 5], "texture": "#texture", "tintindex": 0},
				"down": {"uv": [3, 4, 4, 5], "texture": "#texture", "tintindex": 0}
			}
		},
		{
			"from": [3, 0, 11],
			"to": [12, 0.25, 13],
			"rotation": {"angle": 0, "axis": "y", "origin": [10, 8, 17]},
			"faces": {
				"north": {"uv": [0, 0, 11, 1], "texture": "#missing"},
				"east": {"uv": [0, 0, 4, 1], "texture": "#missing"},
				"south": {"uv": [0, 0, 11, 1], "texture": "#missing"},
				"west": {"uv": [0, 0, 4, 1], "texture": "#missing"},
				"up": {"uv": [4, 11, 13, 13], "texture": "#texture", "tintindex": 0},
				"down": {"uv": [4, 13, 13, 11], "texture": "#texture", "tintindex": 0}
			}
		},
		{
			"from": [5, 0, 13],
			"to": [7, 0.25, 14],
			"rotation": {"angle": 0, "axis": "y", "origin": [13, 8, 19]},
			"faces": {
				"north": {"uv": [0, 0, 11, 1], "texture": "#missing"},
				"east": {"uv": [0, 0, 4, 1], "texture": "#missing"},
				"south": {"uv": [0, 0, 11, 1], "texture": "#missing"},
				"west": {"uv": [0, 0, 4, 1], "texture": "#missing"},
				"up": {"uv": [6, 13, 8, 14], "texture": "#texture", "tintindex": 0},
				"down": {"uv": [6, 14, 8, 13], "texture": "#texture", "tintindex": 0}
			}
		},
		{
			"from": [8, 0, 13],
			"to": [10, 0.25, 14],
			"rotation": {"angle": 0, "axis": "y", "origin": [16, 8, 19]},
			"faces": {
				"north": {"uv": [0, 0, 11, 1], "texture": "#missing"},
				"east": {"uv": [0, 0, 4, 1], "texture": "#missing"},
				"south": {"uv": [0, 0, 11, 1], "texture": "#missing"},
				"west": {"uv": [0, 0, 4, 1], "texture": "#missing"},
				"up": {"uv": [9, 13, 11, 14], "texture": "#texture", "tintindex": 0},
				"down": {"uv": [9, 14, 11, 13], "texture": "#texture", "tintindex": 0}
			}
		},
		{
			"from": [10, 0, 2],
			"to": [12, 0.25, 3],
			"rotation": {"angle": 0, "axis": "y", "origin": [18, 8, 8]},
			"faces": {
				"north": {"uv": [0, 0, 11, 1], "texture": "#missing"},
				"east": {"uv": [0, 0, 4, 1], "texture": "#missing"},
				"south": {"uv": [0, 0, 11, 1], "texture": "#missing"},
				"west": {"uv": [0, 0, 4, 1], "texture": "#missing"},
				"up": {"uv": [11, 2, 13, 3], "texture": "#texture", "tintindex": 0},
				"down": {"uv": [11, 3, 13, 2], "texture": "#texture", "tintindex": 0}
			}
		},
		{
			"from": [3, 0, 2],
			"to": [5, 0.25, 3],
			"rotation": {"angle": 0, "axis": "y", "origin": [11, 8, 8]},
			"faces": {
				"north": {"uv": [0, 0, 11, 1], "texture": "#missing"},
				"east": {"uv": [0, 0, 4, 1], "texture": "#missing"},
				"south": {"uv": [0, 0, 11, 1], "texture": "#missing"},
				"west": {"uv": [0, 0, 4, 1], "texture": "#missing"},
				"up": {"uv": [4, 2, 6, 3], "texture": "#texture", "tintindex": 0},
				"down": {"uv": [4, 3, 6, 2], "texture": "#texture", "tintindex": 0}
			}
		},
		{
			"from": [3, 0, 3],
			"to": [6, 0.25, 5],
			"rotation": {"angle": 0, "axis": "y", "origin": [11, 8, 9]},
			"faces": {
				"north": {"uv": [0, 0, 11, 1], "texture": "#missing"},
				"east": {"uv": [0, 0, 4, 1], "texture": "#missing"},
				"south": {"uv": [0, 0, 11, 1], "texture": "#missing"},
				"west": {"uv": [0, 0, 4, 1], "texture": "#missing"},
				"up": {"uv": [4, 3, 7, 5], "texture": "#texture", "tintindex": 0},
				"down": {"uv": [4, 5, 7, 3], "texture": "#texture", "tintindex": 0}
			}
		},
		{
			"from": [9, 0, 3],
			"to": [12, 0.25, 5],
			"rotation": {"angle": 0, "axis": "y", "origin": [17, 8, 9]},
			"faces": {
				"north": {"uv": [0, 0, 11, 1], "texture": "#missing"},
				"east": {"uv": [0, 0, 4, 1], "texture": "#missing"},
				"south": {"uv": [0, 0, 11, 1], "texture": "#missing"},
				"west": {"uv": [0, 0, 4, 1], "texture": "#missing"},
				"up": {"uv": [10, 3, 13, 5], "texture": "#texture", "tintindex": 0},
				"down": {"uv": [10, 5, 13, 3], "texture": "#texture", "tintindex": 0}
			}
		},
		{
			"from": [8, 0, 5],
			"to": [13, 0.25, 7],
			"rotation": {"angle": 0, "axis": "y", "origin": [16, 8, 11]},
			"faces": {
				"north": {"uv": [0, 0, 11, 1], "texture": "#missing"},
				"east": {"uv": [0, 0, 4, 1], "texture": "#missing"},
				"south": {"uv": [0, 0, 11, 1], "texture": "#missing"},
				"west": {"uv": [0, 0, 4, 1], "texture": "#missing"},
				"up": {"uv": [9, 5, 14, 7], "texture": "#texture", "tintindex": 0},
				"down": {"uv": [9, 7, 14, 5], "texture": "#texture", "tintindex": 0}
			}
		},
		{
			"from": [2, 0, 5],
			"to": [7, 0.25, 7],
			"rotation": {"angle": 0, "axis": "y", "origin": [10, 8, 11]},
			"faces": {
				"north": {"uv": [0, 0, 11, 1], "texture": "#missing"},
				"east": {"uv": [0, 0, 4, 1], "texture": "#missing"},
				"south": {"uv": [0, 0, 11, 1], "texture": "#missing"},
				"west": {"uv": [0, 0, 4, 1], "texture": "#missing"},
				"up": {"uv": [3, 5, 8, 7], "texture": "#texture", "tintindex": 0},
				"down": {"uv": [3, 7, 8, 5], "texture": "#texture", "tintindex": 0}
			}
		},
		{
			"from": [2, 0, 7],
			"to": [13, 0.25, 11],
			"rotation": {"angle": 0, "axis": "y", "origin": [10, 8, 15]},
			"faces": {
				"north": {"uv": [0, 0, 11, 1], "texture": "#missing"},
				"east": {"uv": [0, 0, 4, 1], "texture": "#missing"},
				"south": {"uv": [0, 0, 11, 1], "texture": "#missing"},
				"west": {"uv": [0, 0, 4, 1], "texture": "#missing"},
				"up": {"uv": [3, 7, 14, 11], "texture": "#texture", "tintindex": 0},
				"down": {"uv": [3, 11, 14, 7], "texture": "#texture", "tintindex": 0}
			}
		}
	],
	"groups": [
		{
			"name": "group",
			"origin": [19, 8, 9],
			"children": [0, 1, 2, 3, 4, 5, 6, 7, 8, 9, 10, 11, 12, 13, 14, 15, 16, 17]
		},
		{
			"name": "group",
			"origin": [10, 8, 15],
			"children": [18, 19, 20, 21, 22, 23, 24, 25, 26, 27, 28, 29]
		}
	]
}