{
	"credit": "Made with Blockbench",
	"ambientocclusion": false,
	"textures": {
		"particle": "block/vine",
		"vine": "block/vine"
	},
	"elements": [
		{
			"from": [11, 0, 15.25],
			"to": [14, 5, 16],
			"faces": {
				"north": {"uv": [2, 11, 5, 16], "texture": "#vine", "tintindex": 0},
				"east": {"uv": [2, 11, 3, 16], "texture": "#vine", "tintindex": 0},
				"south": {"uv": [2, 11, 5, 16], "texture": "#vine", "tintindex": 0},
				"west": {"uv": [4, 11, 5, 16], "texture": "#vine", "tintindex": 0},
				"up": {"uv": [2, 11, 5, 12], "texture": "#vine", "tintindex": 0},
				"down": {"uv": [2, 15, 5, 16], "texture": "#vine", "tintindex": 0}
			}
		},
		{
			"from": [9, 0, 15.25],
			"to": [11, 1, 16],
			"faces": {
				"north": {"uv": [5, 15, 7, 16], "texture": "#vine", "tintindex": 0},
				"east": {"uv": [5, 15, 6, 16], "texture": "#vine", "tintindex": 0},
				"south": {"uv": [5, 15, 7, 16], "texture": "#vine", "tintindex": 0},
				"west": {"uv": [6, 15, 7, 16], "texture": "#vine", "tintindex": 0},
				"up": {"uv": [5, 15, 7, 16], "texture": "#vine", "tintindex": 0},
				"down": {"uv": [5, 15, 7, 16], "texture": "#vine", "tintindex": 0}
			}
		},
		{
			"from": [14, 1, 15.25],
			"to": [15, 4, 16],
			"faces": {
				"north": {"uv": [1, 12, 2, 15], "texture": "#vine", "tintindex": 0},
				"east": {"uv": [1, 12, 2, 15], "texture": "#vine", "tintindex": 0},
				"south": {"uv": [1, 12, 2, 15], "texture": "#vine", "tintindex": 0},
				"west": {"uv": [1, 12, 2, 15], "texture": "#vine", "tintindex": 0},
				"up": {"uv": [1, 12, 2, 13], "texture": "#vine", "tintindex": 0},
				"down": {"uv": [1, 14, 2, 15], "texture": "#vine", "tintindex": 0}
			}
		},
		{
			"from": [15, 3, 15.25],
			"to": [16, 4, 16],
			"faces": {
				"north": {"uv": [0, 12, 1, 13], "texture": "#vine", "tintindex": 0},
				"east": {"uv": [0, 12, 1, 13], "texture": "#vine", "tintindex": 0},
				"south": {"uv": [0, 12, 1, 13], "texture": "#vine", "tintindex": 0},
				"west": {"uv": [0, 12, 1, 13], "texture": "#vine", "tintindex": 0},
				"up": {"uv": [0, 12, 1, 13], "texture": "#vine", "tintindex": 0},
				"down": {"uv": [0, 12, 1, 13], "texture": "#vine", "tintindex": 0}
			}
		},
		{
			"from": [10, 3, 15.25],
			"to": [11, 7, 16],
			"faces": {
				"north": {"uv": [5, 9, 6, 13], "texture": "#vine", "tintindex": 0},
				"east": {"uv": [5, 9, 6, 13], "texture": "#vine", "tintindex": 0},
				"south": {"uv": [5, 9, 6, 13], "texture": "#vine", "tintindex": 0},
				"west": {"uv": [5, 9, 6, 13], "texture": "#vine", "tintindex": 0},
				"up": {"uv": [5, 9, 6, 10], "texture": "#vine", "tintindex": 0},
				"down": {"uv": [5, 12, 6, 13], "texture": "#vine", "tintindex": 0}
			}
		},
		{
			"from": [9, 2, 15.25],
			"to": [10, 5, 16],
			"faces": {
				"north": {"uv": [6, 11, 7, 14], "texture": "#vine", "tintindex": 0},
				"east": {"uv": [6, 11, 7, 14], "texture": "#vine", "tintindex": 0},
				"south": {"uv": [6, 11, 7, 14], "texture": "#vine", "tintindex": 0},
				"west": {"uv": [6, 11, 7, 14], "texture": "#vine", "tintindex": 0},
				"up": {"uv": [6, 11, 7, 12], "texture": "#vine", "tintindex": 0},
				"down": {"uv": [6, 13, 7, 14], "texture": "#vine", "tintindex": 0}
			}
		},
		{
			"from": [9, 7, 15.25],
			"to": [12, 10, 16],
			"faces": {
				"north": {"uv": [4, 6, 7, 9], "texture": "#vine", "tintindex": 0},
				"east": {"uv": [4, 6, 5, 9], "texture": "#vine", "tintindex": 0},
				"south": {"uv": [4, 6, 7, 9], "texture": "#vine", "tintindex": 0},
				"west": {"uv": [6, 6, 7, 9], "texture": "#vine", "tintindex": 0},
				"up": {"uv": [4, 6, 7, 7], "texture": "#vine", "tintindex": 0},
				"down": {"uv": [4, 8, 7, 9], "texture": "#vine", "tintindex": 0}
			}
		},
		{
			"from": [11, 5, 15.25],
			"to": [12, 7, 16],
			"faces": {
				"north": {"uv": [4, 9, 5, 11], "texture": "#vine", "tintindex": 0},
				"east": {"uv": [4, 9, 5, 11], "texture": "#vine", "tintindex": 0},
				"south": {"uv": [4, 9, 5, 11], "texture": "#vine", "tintindex": 0},
				"west": {"uv": [4, 9, 5, 11], "texture": "#vine", "tintindex": 0},
				"up": {"uv": [4, 9, 5, 10], "texture": "#vine", "tintindex": 0},
				"down": {"uv": [4, 10, 5, 11], "texture": "#vine", "tintindex": 0}
			}
		},
		{
			"from": [12, 8, 15.25],
			"to": [13, 16, 16],
			"faces": {
				"north": {"uv": [3, 0, 4, 8], "texture": "#vine", "tintindex": 0},
				"east": {"uv": [3, 0, 4, 8], "texture": "#vine", "tintindex": 0},
				"south": {"uv": [3, 0, 4, 8], "texture": "#vine", "tintindex": 0},
				"west": {"uv": [3, 0, 4, 8], "texture": "#vine", "tintindex": 0},
				"up": {"uv": [3, 0, 4, 1], "texture": "#vine", "tintindex": 0},
				"down": {"uv": [3, 7, 4, 8], "texture": "#vine", "tintindex": 0}
			}
		},
		{
			"from": [13, 9, 15.25],
			"to": [14, 15, 16],
			"faces": {
				"north": {"uv": [2, 1, 3, 7], "texture": "#vine", "tintindex": 0},
				"east": {"uv": [2, 1, 3, 7], "texture": "#vine", "tintindex": 0},
				"south": {"uv": [2, 1, 3, 7], "texture": "#vine", "tintindex": 0},
				"west": {"uv": [2, 1, 3, 7], "texture": "#vine", "tintindex": 0},
				"up": {"uv": [2, 1, 3, 2], "texture": "#vine", "tintindex": 0},
				"down": {"uv": [2, 6, 3, 7], "texture": "#vine", "tintindex": 0}
			}
		},
		{
			"from": [14, 12, 15.25],
			"to": [15, 15, 16],
			"faces": {
				"north": {"uv": [1, 1, 2, 4], "texture": "#vine", "tintindex": 0},
				"east": {"uv": [1, 1, 2, 4], "texture": "#vine", "tintindex": 0},
				"south": {"uv": [1, 1, 2, 4], "texture": "#vine", "tintindex": 0},
				"west": {"uv": [1, 1, 2, 4], "texture": "#vine", "tintindex": 0},
				"up": {"uv": [1, 1, 2, 2], "texture": "#vine", "tintindex": 0},
				"down": {"uv": [1, 3, 2, 4], "texture": "#vine", "tintindex": 0}
			}
		},
		{
			"from": [14, 9, 15.25],
			"to": [15, 11, 16],
			"faces": {
				"north": {"uv": [1, 5, 2, 7], "texture": "#vine", "tintindex": 0},
				"east": {"uv": [1, 5, 2, 7], "texture": "#vine", "tintindex": 0},
				"south": {"uv": [1, 5, 2, 7], "texture": "#vine", "tintindex": 0},
				"west": {"uv": [1, 5, 2, 7], "texture": "#vine", "tintindex": 0},
				"up": {"uv": [1, 5, 2, 7], "texture": "#vine", "tintindex": 0},
				"down": {"uv": [1, 5, 2, 7], "texture": "#vine", "tintindex": 0}
			}
		},
		{
			"from": [15, 8, 15.25],
			"to": [16, 10, 16],
			"faces": {
				"north": {"uv": [0, 6, 1, 8], "texture": "#vine", "tintindex": 0},
				"east": {"uv": [0, 6, 1, 8], "texture": "#vine", "tintindex": 0},
				"south": {"uv": [0, 6, 1, 8], "texture": "#vine", "tintindex": 0},
				"west": {"uv": [0, 6, 1, 8], "texture": "#vine", "tintindex": 0},
				"up": {"uv": [0, 6, 1, 7], "texture": "#vine", "tintindex": 0},
				"down": {"uv": [0, 7, 1, 8], "texture": "#vine", "tintindex": 0}
			}
		},
		{
			"from": [15, 12, 15.25],
			"to": [16, 14, 16],
			"faces": {
				"north": {"uv": [0, 2, 1, 4], "texture": "#vine", "tintindex": 0},
				"east": {"uv": [0, 2, 1, 4], "texture": "#vine", "tintindex": 0},
				"south": {"uv": [0, 2, 1, 4], "texture": "#vine", "tintindex": 0},
				"west": {"uv": [0, 2, 1, 4], "texture": "#vine", "tintindex": 0},
				"up": {"uv": [0, 2, 1, 4], "texture": "#vine", "tintindex": 0},
				"down": {"uv": [0, 2, 1, 4], "texture": "#vine", "tintindex": 0}
			}
		},
		{
			"from": [11, 10, 15.25],
			"to": [12, 11, 16],
			"faces": {
				"north": {"uv": [4, 5, 5, 6], "texture": "#vine", "tintindex": 0},
				"east": {"uv": [4, 5, 5, 6], "texture": "#vine", "tintindex": 0},
				"south": {"uv": [4, 5, 5, 6], "texture": "#vine", "tintindex": 0},
				"west": {"uv": [4, 5, 5, 6], "texture": "#vine", "tintindex": 0},
				"up": {"uv": [4, 5, 5, 6], "texture": "#vine", "tintindex": 0},
				"down": {"uv": [4, 5, 5, 6], "texture": "#vine", "tintindex": 0}
			}
		},
		{
			"from": [11, 13, 15.25],
			"to": [12, 16, 16],
			"faces": {
				"north": {"uv": [4, 0, 5, 3], "texture": "#vine", "tintindex": 0},
				"east": {"uv": [4, 0, 5, 3], "texture": "#vine", "tintindex": 0},
				"south": {"uv": [4, 0, 5, 3], "texture": "#vine", "tintindex": 0},
				"west": {"uv": [4, 0, 5, 3], "texture": "#vine", "tintindex": 0},
				"up": {"uv": [4, 0, 5, 1], "texture": "#vine", "tintindex": 0},
				"down": {"uv": [4, 2, 5, 3], "texture": "#vine", "tintindex": 0}
			}
		},
		{
			"from": [10, 14, 15.25],
			"to": [11, 16, 16],
			"faces": {
				"north": {"uv": [5, 0, 6, 2], "texture": "#vine", "tintindex": 0},
				"east": {"uv": [5, 0, 6, 2], "texture": "#vine", "tintindex": 0},
				"south": {"uv": [5, 0, 6, 2], "texture": "#vine", "tintindex": 0},
				"west": {"uv": [5, 0, 6, 2], "texture": "#vine", "tintindex": 0},
				"up": {"uv": [5, 0, 6, 1], "texture": "#vine", "tintindex": 0},
				"down": {"uv": [5, 1, 6, 2], "texture": "#vine", "tintindex": 0}
			}
		},
		{
			"from": [6, 14, 15.25],
			"to": [7, 16, 16],
			"faces": {
				"north": {"uv": [9, 0, 10, 2], "texture": "#vine", "tintindex": 0},
				"east": {"uv": [9, 0, 10, 2], "texture": "#vine", "tintindex": 0},
				"south": {"uv": [9, 0, 10, 2], "texture": "#vine", "tintindex": 0},
				"west": {"uv": [9, 0, 10, 2], "texture": "#vine", "tintindex": 0},
				"up": {"uv": [9, 0, 10, 1], "texture": "#vine", "tintindex": 0},
				"down": {"uv": [9, 1, 10, 2], "texture": "#vine", "tintindex": 0}
			}
		},
		{
			"from": [7, 15, 15.25],
			"to": [10, 16, 16],
			"faces": {
				"north": {"uv": [6, 0, 9, 1], "texture": "#vine", "tintindex": 0},
				"east": {"uv": [6, 0, 9, 1], "texture": "#vine", "tintindex": 0},
				"south": {"uv": [6, 0, 9, 1], "texture": "#vine", "tintindex": 0},
				"west": {"uv": [6, 0, 9, 1], "texture": "#vine", "tintindex": 0},
				"up": {"uv": [6, 0, 9, 1], "texture": "#vine", "tintindex": 0},
				"down": {"uv": [6, 0, 9, 1], "texture": "#vine", "tintindex": 0}
			}
		},
		{
			"from": [2, 6, 15.25],
			"to": [4, 16, 16],
			"faces": {
				"north": {"uv": [12, 0, 14, 10], "texture": "#vine", "tintindex": 0},
				"east": {"uv": [12, 0, 13, 10], "texture": "#vine", "tintindex": 0},
				"south": {"uv": [12, 0, 14, 10], "texture": "#vine", "tintindex": 0},
				"west": {"uv": [13, 0, 14, 10], "texture": "#vine", "tintindex": 0},
				"up": {"uv": [12, 0, 14, 1], "texture": "#vine", "tintindex": 0},
				"down": {"uv": [12, 9, 14, 10], "texture": "#vine", "tintindex": 0}
			}
		},
		{
			"from": [0, 1, 15.25],
			"to": [1, 4, 16],
			"faces": {
				"north": {"uv": [15, 12, 16, 15], "texture": "#vine", "tintindex": 0},
				"east": {"uv": [15, 12, 16, 15], "texture": "#vine", "tintindex": 0},
				"south": {"uv": [15, 12, 16, 15], "texture": "#vine", "tintindex": 0},
				"west": {"uv": [15, 12, 16, 15], "texture": "#vine", "tintindex": 0},
				"up": {"uv": [15, 12, 16, 13], "texture": "#vine", "tintindex": 0},
				"down": {"uv": [15, 14, 16, 15], "texture": "#vine", "tintindex": 0}
			}
		},
		{
			"from": [1, 2, 15.25],
			"to": [2, 4, 16],
			"faces": {
				"north": {"uv": [14, 12, 15, 14], "texture": "#vine", "tintindex": 0},
				"east": {"uv": [14, 12, 15, 14], "texture": "#vine", "tintindex": 0},
				"south": {"uv": [14, 12, 15, 14], "texture": "#vine", "tintindex": 0},
				"west": {"uv": [14, 12, 15, 14], "texture": "#vine", "tintindex": 0},
				"up": {"uv": [14, 12, 15, 13], "texture": "#vine", "tintindex": 0},
				"down": {"uv": [14, 13, 15, 14], "texture": "#vine", "tintindex": 0}
			}
		},
		{
			"from": [6, 2, 15.25],
			"to": [7, 5, 16],
			"faces": {
				"north": {"uv": [9, 11, 10, 14], "texture": "#vine", "tintindex": 0},
				"east": {"uv": [9, 11, 10, 14], "texture": "#vine", "tintindex": 0},
				"south": {"uv": [9, 11, 10, 14], "texture": "#vine", "tintindex": 0},
				"west": {"uv": [9, 11, 10, 14], "texture": "#vine", "tintindex": 0},
				"up": {"uv": [9, 11, 10, 12], "texture": "#vine", "tintindex": 0},
				"down": {"uv": [9, 13, 10, 14], "texture": "#vine", "tintindex": 0}
			}
		},
		{
			"from": [5, 3, 15.25],
			"to": [6, 7, 16],
			"faces": {
				"north": {"uv": [10, 9, 11, 13], "texture": "#vine", "tintindex": 0},
				"east": {"uv": [10, 9, 11, 13], "texture": "#vine", "tintindex": 0},
				"south": {"uv": [10, 9, 11, 13], "texture": "#vine", "tintindex": 0},
				"west": {"uv": [10, 9, 11, 13], "texture": "#vine", "tintindex": 0},
				"up": {"uv": [10, 9, 11, 10], "texture": "#vine", "tintindex": 0},
				"down": {"uv": [10, 12, 11, 13], "texture": "#vine", "tintindex": 0}
			}
		},
		{
			"from": [4, 0, 15.25],
			"to": [5, 10, 16],
			"faces": {
				"north": {"uv": [11, 6, 12, 16], "texture": "#vine", "tintindex": 0},
				"east": {"uv": [11, 6, 12, 16], "texture": "#vine", "tintindex": 0},
				"south": {"uv": [11, 6, 12, 16], "texture": "#vine", "tintindex": 0},
				"west": {"uv": [11, 6, 12, 16], "texture": "#vine", "tintindex": 0},
				"up": {"uv": [11, 6, 12, 7], "texture": "#vine", "tintindex": 0},
				"down": {"uv": [11, 15, 12, 16], "texture": "#vine", "tintindex": 0}
			}
		},
		{
			"from": [3, 0, 15.25],
			"to": [4, 4, 16],
			"faces": {
				"north": {"uv": [12, 12, 13, 16], "texture": "#vine", "tintindex": 0},
				"east": {"uv": [12, 12, 13, 16], "texture": "#vine", "tintindex": 0},
				"south": {"uv": [12, 12, 13, 16], "texture": "#vine", "tintindex": 0},
				"west": {"uv": [12, 12, 13, 16], "texture": "#vine", "tintindex": 0},
				"up": {"uv": [12, 12, 13, 13], "texture": "#vine", "tintindex": 0},
				"down": {"uv": [12, 15, 13, 16], "texture": "#vine", "tintindex": 0}
			}
		},
		{
			"from": [2, 0, 15.25],
			"to": [3, 1, 16],
			"faces": {
				"north": {"uv": [13, 15, 14, 16], "texture": "#vine", "tintindex": 0},
				"east": {"uv": [13, 15, 14, 16], "texture": "#vine", "tintindex": 0},
				"south": {"uv": [13, 15, 14, 16], "texture": "#vine", "tintindex": 0},
				"west": {"uv": [13, 15, 14, 16], "texture": "#vine", "tintindex": 0},
				"up": {"uv": [13, 15, 14, 16], "texture": "#vine", "tintindex": 0},
				"down": {"uv": [13, 15, 14, 16], "texture": "#vine", "tintindex": 0}
			}
		},
		{
			"from": [2, 2, 15.25],
			"to": [3, 3, 16],
			"faces": {
				"north": {"uv": [13, 13, 14, 14], "texture": "#vine", "tintindex": 0},
				"east": {"uv": [13, 13, 14, 14], "texture": "#vine", "tintindex": 0},
				"south": {"uv": [13, 13, 14, 14], "texture": "#vine", "tintindex": 0},
				"west": {"uv": [13, 13, 14, 14], "texture": "#vine", "tintindex": 0},
				"up": {"uv": [13, 13, 14, 14], "texture": "#vine", "tintindex": 0},
				"down": {"uv": [13, 13, 14, 14], "texture": "#vine", "tintindex": 0}
			}
		},
		{
			"from": [5, 1, 15.25],
			"to": [6, 2, 16],
			"faces": {
				"north": {"uv": [10, 14, 11, 15], "texture": "#vine", "tintindex": 0},
				"east": {"uv": [10, 14, 11, 15], "texture": "#vine", "tintindex": 0},
				"south": {"uv": [10, 14, 11, 15], "texture": "#vine", "tintindex": 0},
				"west": {"uv": [10, 14, 11, 15], "texture": "#vine", "tintindex": 0},
				"up": {"uv": [10, 14, 11, 15], "texture": "#vine", "tintindex": 0},
				"down": {"uv": [10, 14, 11, 15], "texture": "#vine", "tintindex": 0}
			}
		},
		{
			"from": [6, 0, 15.25],
			"to": [8, 1, 16],
			"faces": {
				"north": {"uv": [8, 15, 10, 16], "texture": "#vine", "tintindex": 0},
				"east": {"uv": [8, 15, 9, 16], "texture": "#vine", "tintindex": 0},
				"south": {"uv": [8, 15, 10, 16], "texture": "#vine", "tintindex": 0},
				"west": {"uv": [9, 15, 10, 16], "texture": "#vine", "tintindex": 0},
				"up": {"uv": [8, 15, 10, 16], "texture": "#vine", "tintindex": 0},
				"down": {"uv": [8, 15, 10, 16], "texture": "#vine", "tintindex": 0}
			}
		},
		{
			"from": [1, 6, 15.25],
			"to": [2, 7, 16],
			"faces": {
				"north": {"uv": [14, 9, 15, 10], "texture": "#vine", "tintindex": 0},
				"east": {"uv": [14, 9, 15, 10], "texture": "#vine", "tintindex": 0},
				"south": {"uv": [14, 9, 15, 10], "texture": "#vine", "tintindex": 0},
				"west": {"uv": [14, 9, 15, 10], "texture": "#vine", "tintindex": 0},
				"up": {"uv": [14, 9, 15, 10], "texture": "#vine", "tintindex": 0},
				"down": {"uv": [14, 9, 15, 10], "texture": "#vine", "tintindex": 0}
			}
		},
		{
			"from": [5, 8, 15.25],
			"to": [6, 9, 16],
			"faces": {
				"north": {"uv": [10, 7, 11, 8], "texture": "#vine", "tintindex": 0},
				"east": {"uv": [10, 7, 11, 8], "texture": "#vine", "tintindex": 0},
				"south": {"uv": [10, 7, 11, 8], "texture": "#vine", "tintindex": 0},
				"west": {"uv": [10, 7, 11, 8], "texture": "#vine", "tintindex": 0},
				"up": {"uv": [10, 7, 11, 8], "texture": "#vine", "tintindex": 0},
				"down": {"uv": [10, 7, 11, 8], "texture": "#vine", "tintindex": 0}
			}
		},
		{
			"from": [0, 10, 15.25],
			"to": [2, 11, 16],
			"faces": {
				"north": {"uv": [14, 5, 16, 6], "texture": "#vine", "tintindex": 0},
				"east": {"uv": [14, 5, 16, 6], "texture": "#vine", "tintindex": 0},
				"south": {"uv": [14, 5, 16, 6], "texture": "#vine", "tintindex": 0},
				"west": {"uv": [14, 5, 16, 6], "texture": "#vine", "tintindex": 0},
				"up": {"uv": [14, 5, 16, 6], "texture": "#vine", "tintindex": 0},
				"down": {"uv": [14, 5, 16, 6], "texture": "#vine", "tintindex": 0}
			}
		},
		{
			"from": [1, 14, 15.25],
			"to": [2, 16, 16],
			"faces": {
				"north": {"uv": [14, 0, 15, 2], "texture": "#vine", "tintindex": 0},
				"east": {"uv": [14, 0, 15, 2], "texture": "#vine", "tintindex": 0},
				"south": {"uv": [14, 0, 15, 2], "texture": "#vine", "tintindex": 0},
				"west": {"uv": [14, 0, 15, 2], "texture": "#vine", "tintindex": 0},
				"up": {"uv": [14, 0, 15, 2], "texture": "#vine", "tintindex": 0},
				"down": {"uv": [14, 0, 15, 2], "texture": "#vine", "tintindex": 0}
			}
		},
		{
			"from": [7, 9, 15.25],
			"to": [9, 11, 16],
			"faces": {
				"north": {"uv": [7, 5, 9, 7], "texture": "#vine", "tintindex": 0},
				"east": {"uv": [7, 5, 8, 7], "texture": "#vine", "tintindex": 0},
				"south": {"uv": [7, 5, 9, 7], "texture": "#vine", "tintindex": 0},
				"west": {"uv": [8, 5, 9, 7], "texture": "#vine", "tintindex": 0},
				"up": {"uv": [7, 5, 9, 6], "texture": "#vine", "tintindex": 0},
				"down": {"uv": [7, 6, 9, 7], "texture": "#vine", "tintindex": 0}
			}
		},
		{
			"from": [4, 11, 15.25],
			"to": [6, 14, 16],
			"faces": {
				"north": {"uv": [10, 2, 12, 5], "texture": "#vine", "tintindex": 0},
				"east": {"uv": [10, 2, 11, 5], "texture": "#vine", "tintindex": 0},
				"south": {"uv": [10, 2, 12, 5], "texture": "#vine", "tintindex": 0},
				"west": {"uv": [11, 2, 12, 5], "texture": "#vine", "tintindex": 0},
				"up": {"uv": [10, 2, 12, 3], "texture": "#vine", "tintindex": 0},
				"down": {"uv": [10, 4, 12, 5], "texture": "#vine", "tintindex": 0}
			}
		},
		{
			"from": [4, 14, 15.25],
			"to": [5, 16, 16],
			"faces": {
				"north": {"uv": [11, 0, 12, 2], "texture": "#vine", "tintindex": 0},
				"east": {"uv": [11, 0, 12, 2], "texture": "#vine", "tintindex": 0},
				"south": {"uv": [11, 0, 12, 2], "texture": "#vine", "tintindex": 0},
				"west": {"uv": [11, 0, 12, 2], "texture": "#vine", "tintindex": 0},
				"up": {"uv": [11, 0, 12, 2], "texture": "#vine", "tintindex": 0},
				"down": {"uv": [11, 0, 12, 2], "texture": "#vine", "tintindex": 0}
			}
		},
		{
			"from": [6, 10, 15.25],
			"to": [7, 13, 16],
			"faces": {
				"north": {"uv": [9, 3, 10, 6], "texture": "#vine", "tintindex": 0},
				"east": {"uv": [9, 3, 10, 6], "texture": "#vine", "tintindex": 0},
				"south": {"uv": [9, 3, 10, 6], "texture": "#vine", "tintindex": 0},
				"west": {"uv": [9, 3, 10, 6], "texture": "#vine", "tintindex": 0},
				"up": {"uv": [9, 3, 10, 4], "texture": "#vine", "tintindex": 0},
				"down": {"uv": [9, 5, 10, 6], "texture": "#vine", "tintindex": 0}
			}
		},
		{
			"from": [7, 8, 15.25],
			"to": [8, 9, 16],
			"faces": {
				"north": {"uv": [8, 7, 9, 8], "texture": "#vine", "tintindex": 0},
				"east": {"uv": [8, 7, 9, 8], "texture": "#vine", "tintindex": 0},
				"south": {"uv": [8, 7, 9, 8], "texture": "#vine", "tintindex": 0},
				"west": {"uv": [8, 7, 9, 8], "texture": "#vine", "tintindex": 0},
				"up": {"uv": [8, 7, 9, 8], "texture": "#vine", "tintindex": 0},
				"down": {"uv": [8, 7, 9, 8], "texture": "#vine", "tintindex": 0}
			}
		}
	]
}