{
	"credit": "Made with Blockbench",
	"texture_size": [40, 40],
	"textures": {
		"1": "item/mace"
	},
	"elements": [
		{
			"name": "Heavy Core",
			"from": [4, 17, 4],
			"to": [12, 25, 12],
			"rotation": {"angle": 0, "axis": "y", "origin": [8, 17, 8]},
			"faces": {
				"north": {"uv": [0, 12, 3.2, 15.2], "texture": "#1"},
				"east": {"uv": [0, 12, 3.2, 15.2], "texture": "#1"},
				"south": {"uv": [0, 12, 3.2, 15.2], "texture": "#1"},
				"west": {"uv": [0, 12, 3.2, 15.2], "texture": "#1"},
				"up": {"uv": [3.2, 12, 0, 8.8], "texture": "#1"},
				"down": {"uv": [6.4, 8.8, 3.2, 12], "texture": "#1"}
			}
		},
		{
			"name": "Heavy Core Top Bolt",
			"from": [7, 25, 7],
			"to": [9, 26, 9],
			"rotation": {"angle": 0, "axis": "y", "origin": [8, 25, 8]},
			"faces": {
				"north": {"uv": [4.4, 13.6, 5.2, 14], "texture": "#1"},
				"east": {"uv": [5.2, 14.4, 6, 14.8], "texture": "#1"},
				"south": {"uv": [4.4, 14.8, 5.2, 15.2], "texture": "#1"},
				"west": {"uv": [3.6, 14.4, 4.4, 14.8], "texture": "#1"},
				"up": {"uv": [5.2, 13.6, 4.4, 12.8], "texture": "#1"},
				"down": {"uv": [5.2, 14, 4.4, 14.8], "texture": "#1"}
			}
		},
		{
			"name": "Heavy Core Extension 2",
			"from": [3, 16, 13],
			"to": [13, 26, 16],
			"rotation": {"angle": 0, "axis": "y", "origin": [8, 21, 13]},
			"faces": {
				"north": {"uv": [0, 4, 4, 8], "texture": "#1"},
				"east": {"uv": [4, 0, 5.2, 4], "texture": "#1"},
				"south": {"uv": [0, 0, 4, 4], "texture": "#1"},
				"west": {"uv": [5.2, 0, 6.4, 4], "texture": "#1"},
				"up": {"uv": [10.4, 1.2, 6.4, 0], "texture": "#1"},
				"down": {"uv": [10.4, 1.2, 6.4, 2.4], "texture": "#1"}
			}
		},
		{
			"name": "Heavy Core Extension Connector",
			"from": [5, 18, 3],
			"to": [11, 24, 4],
			"rotation": {"angle": 0, "axis": "y", "origin": [8, 21, 3]},
			"faces": {
				"north": {"uv": [4, 4, 6.4, 6.4], "texture": "#1"},
				"east": {"uv": [4.4, 6.4, 4.8, 8.8], "texture": "#1"},
				"south": {"uv": [4, 4, 6.4, 6.4], "texture": "#1"},
				"west": {"uv": [4, 6.4, 4.4, 8.8], "texture": "#1"},
				"up": {"uv": [8.8, 6, 6.4, 5.6], "texture": "#1"},
				"down": {"uv": [8.8, 6, 6.4, 6.4], "texture": "#1"}
			}
		},
		{
			"name": "Heavy Core Extension",
			"from": [3, 16, 0],
			"to": [13, 26, 3],
			"rotation": {"angle": 0, "axis": "y", "origin": [8, 21, 3]},
			"faces": {
				"north": {"uv": [0, 0, 4, 4], "texture": "#1"},
				"east": {"uv": [5.2, 0, 6.4, 4], "texture": "#1"},
				"south": {"uv": [0, 4, 4, 8], "texture": "#1"},
				"west": {"uv": [4, 0, 5.2, 4], "texture": "#1"},
				"up": {"uv": [10.4, 3.6, 6.4, 2.4], "texture": "#1"},
				"down": {"uv": [10.4, 3.6, 6.4, 4.8], "texture": "#1"}
			}
		},
		{
			"name": "Heavy Core Extension Connector 2",
			"from": [5, 18, 12],
			"to": [11, 24, 13],
			"rotation": {"angle": 0, "axis": "y", "origin": [8, 21, 13]},
			"faces": {
				"north": {"uv": [4, 4, 6.4, 6.4], "texture": "#1"},
				"east": {"uv": [4, 6.4, 4.4, 8.8], "texture": "#1"},
				"south": {"uv": [4, 4, 6.4, 6.4], "texture": "#1"},
				"west": {"uv": [4.4, 6.4, 4.8, 8.8], "texture": "#1"},
				"up": {"uv": [8.8, 5.2, 6.4, 4.8], "texture": "#1"},
				"down": {"uv": [8.8, 5.2, 6.4, 5.6], "texture": "#1"}
			}
		},
		{
			"name": "Breeze Rod Handle",
			"from": [7, 1, 7],
			"to": [9, 15, 9],
			"rotation": {"angle": 0, "axis": "y", "origin": [8, 2, 8]},
			"faces": {
				"north": {"uv": [6.4, 7.2, 7.2, 12.8], "texture": "#1"},
				"east": {"uv": [6.4, 7.2, 7.2, 12.8], "texture": "#1"},
				"south": {"uv": [6.4, 7.2, 7.2, 12.8], "texture": "#1"},
				"west": {"uv": [6.4, 7.2, 7.2, 12.8], "texture": "#1"},
				"up": {"uv": [7.2, 7.2, 6.4, 6.4], "texture": "#1"},
				"down": {"uv": [7.2, 12.8, 6.4, 13.6], "texture": "#1"}
			}
		},
		{
			"name": "Bottom",
			"from": [6, 0, 6],
			"to": [10, 2, 10],
			"rotation": {"angle": 0, "axis": "y", "origin": [8, 0, 8]},
			"faces": {
				"north": {"uv": [8.8, 12.8, 10.4, 13.6], "texture": "#1"},
				"east": {"uv": [10.4, 13.6, 12, 14.4], "texture": "#1"},
				"south": {"uv": [8.8, 13.6, 10.4, 14.4], "texture": "#1"},
				"west": {"uv": [7.2, 13.6, 8.8, 14.4], "texture": "#1"},
				"up": {"uv": [10.4, 12.8, 8.8, 11.2], "texture": "#1"},
				"down": {"uv": [10.4, 14.4, 8.8, 16], "texture": "#1"}
			}
		},
		{
			"name": "Heavy Core Connector",
			"from": [6, 15, 6],
			"to": [10, 17, 10],
			"rotation": {"angle": 0, "axis": "y", "origin": [8, 15, 8]},
			"faces": {
				"north": {"uv": [8.8, 8, 10.4, 8.8], "texture": "#1"},
				"east": {"uv": [10.4, 8.8, 12, 9.6], "texture": "#1"},
				"south": {"uv": [8.8, 8.8, 10.4, 9.6], "texture": "#1"},
				"west": {"uv": [7.2, 8.8, 8.8, 9.6], "texture": "#1"},
				"up": {"uv": [10.4, 8, 8.8, 6.4], "texture": "#1"},
				"down": {"uv": [10.4, 9.6, 8.8, 11.2], "texture": "#1"}
			}
		}
	],
	"display": {
		"thirdperson_righthand": {
			"translation": [0, 0, 2]
		},
		"thirdperson_lefthand": {
			"translation": [0, 0, 2]
		},
		"firstperson_righthand": {
			"scale": [0.7, 0.7, 0.7]
		},
		"firstperson_lefthand": {
			"scale": [0.7, 0.7, 0.7]
		},
		"ground": {
			"rotation": [39, 0, 40],
			"translation": [0, 2, 0],
			"scale": [0.75, 0.75, 0.75]
		},
		"gui": {
			"rotation": [60, -47, 63],
			"translation": [3.75, -4.25, 0],
			"scale": [0.7, 0.7, 0.7]
		},
		"fixed": {
			"rotation": [0, -90, 0],
			"translation": [0, -4, 0],
			"scale": [0.75, 0.75, 0.75]
		}
	},
	"groups": [
		{
			"name": "Head",
			"origin": [8, 8, 8],
			"color": 0,
			"children": [
				0,
				1,
				{
					"name": "Extension 2",
					"origin": [8, 21, 3],
					"color": 0,
					"children": [2, 3]
				},
				{
					"name": "Extension",
					"origin": [8, 8, 8],
					"color": 0,
					"children": [4, 5]
				}
			]
		},
		{
			"name": "Handle",
			"origin": [8, 8, 8],
			"color": 0,
			"children": [6, 7, 8]
		}
	]
}